q,atoms,attrs,lpbound,t_lp,pairs,t_p,lb,t_lb,truth,t_t,terr
jobrange.1,3,4,434762.6506880013,0.6236696243286133,25819.999999999993,0.34026193618774414,6381,0.20839548110961914,11637.0,0.040868520736694336,
jobrange.2,3,4,26440.528053484475,0.5145165920257568,534.0000000000002,0.24916553497314453,383,0.1627039909362793,383.0,0.04642057418823242,
jobrange.3,3,4,2873656.3467466733,0.63287353515625,286691.9999999997,0.2855679988861084,58480,0.2323625087738037,79014.0,0.043409109115600586,
jobrange.4,3,4,410094.5912591393,0.5652318000793457,10465.000000000016,0.2672557830810547,6156,0.1824171543121338,6156.0,0.09048581123352051,
jobrange.5,3,4,3731634.496211545,0.6597678661346436,184495.9999999998,0.39334774017333984,48763,0.27408528327941895,91755.0,0.06630110740661621,
jobrange.6,3,4,1143219.5482167895,0.5882091522216797,463087.0,0.4117765426635742,266201,0.48294758796691895,266201.0,0.06497550010681152,
jobrange.7,3,4,1273996.999999996,0.7029976844787598,431452.00000000035,0.35344815254211426,293122,0.3808443546295166,293122.0,0.06718993186950684,
jobrange.8,3,4,476298.82655744685,0.5544939041137695,30619.999999999996,0.2684142589569092,3014,0.1843407154083252,3014.0,0.046640872955322266,
jobrange.9,3,4,1170452.1097788499,0.5892393589019775,58887.99999999997,0.2796947956085205,19593,0.19004559516906738,37797.0,0.045502424240112305,
jobrange.10,3,4,1214575.335248913,0.5897958278656006,214917.9999999999,0.2896311283111572,154242,0.2546839714050293,154242.0,0.05005335807800293,
jobrange.11,3,4,449554.6134086842,0.4051804542541504,98165.0000000001,0.31407690048217773,50805,0.2256464958190918,50805.0,0.0419621467590332,
jobrange.12,3,4,365.09959789241003,0.7431790828704834,33.99999999999999,0.3511192798614502,33,0.22388815879821777,33.0,0.047708749771118164,
jobrange.13,3,4,90.0,0.5664324760437012,2.0,0.26102328300476074,2,0.16325998306274414,2.0,0.050815582275390625,
jobrange.14,3,4,48366.258770667686,0.5276892185211182,1063.9999999999995,0.25937795639038086,711,0.1677393913269043,711.0,0.05352663993835449,
jobrange.15,3,4,2352678.710695964,0.7160675525665283,214021.00000000067,0.4444766044616699,74451,0.3850860595703125,74451.0,0.06951284408569336,
jobrange.16,3,4,907308.8228784073,0.45511507987976074,282425.00000000023,0.3359346389770508,158426,0.3129234313964844,158426.0,0.062430620193481445,
jobrange.17,3,4,56005.59488849303,0.4843888282775879,1293.0000000000007,0.23846673965454102,372,0.1453096866607666,372.0,0.05662965774536133,
jobrange.18,3,4,80828.53538223938,0.48371434211730957,3563.999999999997,0.23934173583984375,2349,0.14840197563171387,2349.0,0.04482078552246094,
jobrange.19,3,4,421136.6117372832,0.5643448829650879,77354.00000000001,0.2828805446624756,36815,0.19619321823120117,36815.0,0.04779767990112305,
jobrange.20,3,4,1219338.9957970108,0.5617241859436035,20163.999999999978,0.2517521381378174,6165,0.16738629341125488,9549.0,0.052884817123413086,
jobrange.21,3,4,145133.12775135375,0.5381879806518555,12593.999999999955,0.26926398277282715,5380,0.16386961936950684,5380.0,0.05086565017700195,
jobrange.22,3,4,54665.58745873207,0.5774264335632324,2076.000000000001,0.27978968620300293,642,0.17096257209777832,828.0,0.0303342342376709,
jobrange.23,3,4,227846.77016693164,0.31775712966918945,12371.0,0.23635101318359375,11091,0.1545729637145996,11091.0,0.05574512481689453,
jobrange.24,3,4,1273996.999999996,0.40610694885253906,184381.99999999945,0.28717827796936035,142266,0.26282763481140137,142266.0,0.0687551498413086,
jobrange.25,3,4,774.2214466988063,0.48754334449768066,7.0,0.24384427070617676,7,0.1468961238861084,7.0,0.04960775375366211,
jobrange.26,3,4,94.00000000000001,0.7155404090881348,3.0,0.33081912994384766,3,0.2046971321105957,3.0,0.04609036445617676,
jobrange.27,3,4,2416.6045552147243,0.7776625156402588,50.999999999999986,0.34755373001098633,5,0.21803545951843262,9.0,0.02989983558654785,
jobrange.28,3,4,90.0,0.5240721702575684,6.0,0.24624252319335938,6,0.1559314727783203,6.0,0.04681110382080078,
jobrange.29,3,4,289732.90786767966,0.5361108779907227,15158.99999999999,0.2487654685974121,12368,0.16357874870300293,12368.0,0.04642963409423828,
jobrange.30,3,4,7122.483947591399,0.605703592300415,261.00000000000006,0.2976393699645996,128,0.1834561824798584,128.0,0.04309368133544922,
jobrange.31,3,4,1028533.0664987704,0.6505353450775146,139599.99999999994,0.29807138442993164,21884,0.19974255561828613,27744.0,0.06724882125854492,
jobrange.32,3,4,119398.89105561838,0.6339666843414307,6544.000000000002,0.29373764991760254,1993,0.18483948707580566,2559.0,0.031601667404174805,
jobrange.33,3,4,1200230.4574114284,0.5481297969818115,225484.0000000002,0.3984043598175049,66191,0.20417571067810059,88587.0,0.036809682846069336,
jobrange.34,3,4,3168203.81997775,0.8778421878814697,410443.9999999997,0.3434329032897949,90205,0.27275848388671875,163797.0,0.05232691764831543,
jobrange.35,3,4,1062327.8023919924,0.5898423194885254,160858.9999999996,0.27936649322509766,112017,0.23949837684631348,112017.0,0.05024099349975586,
jobrange.36,3,4,31395.71262575091,0.6426727771759033,2007.9999999999975,0.2735452651977539,1110,0.17001914978027344,1110.0,0.059902191162109375,
jobrange.37,3,4,644725.6587502159,0.7044358253479004,76876.00000000006,0.2908756732940674,22552,0.2067568302154541,30984.0,0.048247337341308594,
jobrange.38,3,4,468715.7723610339,0.517827033996582,9820.999999999995,0.24048566818237305,6301,0.21222877502441406,6301.0,0.1352553367614746,
jobrange.39,3,4,1273996.999999996,1.1886012554168701,385495.00000000047,0.3717072010040283,274531,0.42449402809143066,274531.0,0.08506631851196289,
jobrange.40,3,4,1213997.3843629188,0.7129945755004883,185472.00000000006,0.34426212310791016,152803,0.3295607566833496,152803.0,0.07195615768432617,
jobrange.41,3,4,1273996.999999996,0.7229368686676025,263848.0000000003,0.3511085510253906,168740,0.34571170806884766,168740.0,0.0711667537689209,
jobrange.42,3,4,800412.6122444615,0.44788265228271484,95949.99999999996,0.3375277519226074,57824,0.23168015480041504,57824.0,0.03992128372192383,
jobrange.43,3,4,214648.16294949572,0.5360457897186279,26123.99999999997,0.2651803493499756,13480,0.1663057804107666,13480.0,0.05650591850280762,
jobrange.44,3,4,1273996.999999996,0.43340277671813965,357277.0000000011,0.30875372886657715,296224,0.3143656253814697,296224.0,0.07148385047912598,
jobrange.45,3,4,1129858.0719085918,0.8715512752532959,372829.00000000023,0.45067882537841797,141801,0.5004978179931641,141801.0,0.07959198951721191,
jobrange.46,3,4,644127.3817188661,0.49964380264282227,65850.99999999981,0.31162238121032715,39336,0.23876428604125977,39336.0,0.07059478759765625,
jobrange.47,3,4,78595.76432676899,0.385089635848999,4330.999999999999,0.30176830291748047,3525,0.19867515563964844,3525.0,0.061441898345947266,
jobrange.48,3,4,566289.2355738811,0.6860940456390381,16952.0,0.3022928237915039,3447,0.21706271171569824,4509.0,0.035398244857788086,
jobrange.49,3,4,1009846.9946977134,0.7232363224029541,52631.000000000015,0.323214054107666,28285,0.21861624717712402,28285.0,0.06615757942199707,
jobrange.50,3,4,359.9999999999998,0.538398027420044,3.0,0.24016022682189941,3,0.1518111228942871,3.0,0.03592395782470703,
jobrange.51,3,4,445223.9857420094,0.35122036933898926,23168.999999999964,0.31481313705444336,18600,0.21709060668945312,18600.0,0.06888484954833984,
jobrange.52,3,4,2100506.8024740713,0.5674049854278564,110247.99999999996,0.24680542945861816,25095,0.17080926895141602,32097.0,0.0661919116973877,
jobrange.53,3,4,351092.30848252354,0.3613896369934082,3056.000000000002,0.31185126304626465,935,0.218947172164917,1641.0,0.06831049919128418,
jobrange.54,3,4,67380.10516719411,0.6895017623901367,5224.000000000009,0.32894206047058105,3476,0.21932387351989746,3476.0,0.05366683006286621,
jobrange.55,3,4,1273996.999999996,0.6813576221466064,128897.00000000012,0.42212510108947754,55254,0.4938845634460449,55254.0,0.06413149833679199,
jobrange.56,3,4,25576.467129304165,0.9929258823394775,4173.0,0.3323695659637451,1286,0.29467248916625977,1286.0,0.05537271499633789,
jobrange.57,3,4,139895.56020274418,0.8205490112304688,42959.99999999998,0.32586216926574707,16300,0.429368257522583,16313.0,0.13095521926879883,
jobrange.58,3,4,1379.5690366153392,0.49887824058532715,39.00000000000001,0.17895793914794922,23,0.13320541381835938,23.0,0.04116535186767578,
jobrange.59,3,4,7551.807369818132,0.4255063533782959,180.0,0.14979076385498047,26,0.11231064796447754,26.0,0.04434823989868164,
jobrange.60,3,4,2103.776456806159,0.6494638919830322,308.0000000000001,0.2624659538269043,188,0.22760534286499023,188.0,0.03993940353393555,
jobrange.61,3,4,3628.1156096046825,0.5222001075744629,71.99999999999999,0.17648530006408691,14,0.13119220733642578,14.0,0.042299747467041016,
jobrange.62,3,4,12627474.415260097,1.2016632556915283,906601.404397658,0.4309043884277344,21977,0.28789591789245605,76294.0,0.05689835548400879,
jobrange.63,3,4,17216453.09917271,1.0044598579406738,305993.9324548411,0.2930145263671875,3811,0.19254350662231445,14522.0,0.04683947563171387,
jobrange.64,3,4,34671.51818943486,0.45624375343322754,3396.8198125246718,0.18531394004821777,300,0.1685962677001953,300.0,0.056493282318115234,
jobrange.65,3,4,23521.72073190696,0.5222911834716797,5955.000000000002,0.33257174491882324,5530,0.4449758529663086,5577.0,0.1076962947845459,
jobrange.66,3,4,13034.72848312012,0.4630012512207031,90.0,0.1844489574432373,13,0.13747835159301758,13.0,0.03172445297241211,
jobrange.67,3,4,1138.0631534445495,0.38603663444519043,16.999999999999996,0.13324666023254395,10,0.09439611434936523,10.0,0.055031538009643555,
jobrange.68,3,4,92558.13811095929,0.4019293785095215,1805.41423601386,0.14966464042663574,174,0.10343194007873535,174.0,0.04761457443237305,
jobrange.69,3,4,13766.99855040051,0.4254946708679199,1764.9999999999998,0.15618491172790527,341,0.12862825393676758,341.0,0.04294943809509277,
jobrange.70,3,4,36678.42916930304,0.366471529006958,4760.000000000002,0.23197031021118164,2374,0.2334451675415039,2375.0,0.07424807548522949,
jobrange.71,3,4,26172.943250372824,0.5089442729949951,2301.7354015969067,0.20662426948547363,76,0.16486024856567383,76.0,0.0732269287109375,
jobrange.72,3,4,30230.34760761929,0.6201663017272949,6815.000000000001,0.27725768089294434,2601,0.3778553009033203,2601.0,0.11266064643859863,
jobrange.73,3,4,2489277.269803159,0.9786889553070068,106380.00000000015,0.390181303024292,1467,0.269273042678833,15764.0,0.03552961349487305,
jobrange.74,3,4,34634.376765065186,0.6518259048461914,5612.999999999999,0.2613248825073242,3025,0.28913259506225586,3025.0,0.08227825164794922,
jobrange.75,3,4,36761.335860105086,0.48909640312194824,12828.999999999998,0.1893932819366455,4475,0.1885848045349121,4475.0,0.055094242095947266,
jobrange.76,3,4,25774.639509975685,0.67734694480896,3444.9999999999986,0.28079652786254883,1089,0.27710866928100586,1089.0,0.03382563591003418,
jobrange.77,3,4,261.9837334124459,0.39472436904907227,4.999999999999999,0.1468825340270996,4,0.09513235092163086,4.0,0.031366586685180664,
jobrange.78,3,4,54832.56042153923,0.59012770652771,2834.7548614726534,0.23089599609375,645,0.1451098918914795,645.0,0.03334164619445801,
jobrange.79,3,4,44214.93182429447,0.4847147464752197,7508.999999999999,0.18694567680358887,1145,0.1765127182006836,1145.0,0.05121159553527832,
jobrange.80,3,4,14949.125910200746,0.5767858028411865,94.00000000000001,0.21725964546203613,29,0.13623833656311035,29.0,0.03306770324707031,
jobrange.81,3,4,8264.259387784054,0.5667707920074463,488.8789330395918,0.2048640251159668,82,0.18203258514404297,82.0,0.05076122283935547,
jobrange.82,3,4,1014113.7418129479,0.9671969413757324,23180.00000000005,0.3925745487213135,417,0.26484036445617676,4577.0,0.030179977416992188,
jobrange.83,3,4,13493.176502174329,0.42362308502197266,2280.0000000000014,0.2662324905395508,2124,0.34025073051452637,2124.0,0.07918500900268555,
jobrange.84,3,4,1571.646982875168,0.46544814109802246,35.0,0.1734635829925537,1,0.10696887969970703,1.0,0.0471034049987793,
jobrange.85,3,4,2143.338287211262,0.3800051212310791,90.0,0.1345806121826172,37,0.09723234176635742,37.0,0.027235031127929688,
jobrange.86,3,4,374.82970648445416,0.6099944114685059,21.000000000000007,0.24184107780456543,1,0.2091655731201172,1.0,0.06515312194824219,
jobrange.87,3,4,4676.844826172899,0.7194128036499023,94.00000000000001,0.27693843841552734,34,0.18646764755249023,34.0,0.030201196670532227,
jobrange.88,3,4,39549.64974404045,0.5136005878448486,2928.0806055908574,0.14408135414123535,815,0.11158037185668945,815.0,0.03625679016113281,
jobrange.89,3,4,517754.32178327814,0.9476864337921143,6733.999999999998,0.3868730068206787,202,0.24877119064331055,2771.0,0.03151059150695801,
jobrange.90,3,4,58931.47836070376,0.5577683448791504,6096.296890833829,0.19750761985778809,297,0.22519826889038086,297.0,0.07381057739257812,
jobrange.91,3,4,36409.12992191024,0.38929128646850586,180.0,0.1433413028717041,15,0.09746384620666504,15.0,0.03272557258605957,
jobrange.92,3,4,12433.6871609407,0.33643579483032227,1168.9999999999995,0.2090151309967041,287,0.18767094612121582,287.0,0.06191706657409668,
jobrange.93,3,4,103776.54768552692,0.6218202114105225,4781.644491258512,0.24600005149841309,307,0.17390751838684082,307.0,0.07500481605529785,
jobrange.94,3,4,90184.80301846865,0.7635772228240967,16587.000000000007,0.3921806812286377,7856,0.6141922473907471,7856.0,0.09482884407043457,
jobrange.95,3,4,112779.60588956262,0.6313643455505371,31472.000000000004,0.2535221576690674,9207,0.2057192325592041,9207.0,0.03972649574279785,
jobrange.96,3,4,61407985.13825768,1.0019559860229492,7593248.38158799,0.42027759552001953,128663,0.31800198554992676,509378.0,0.0756065845489502,
jobrange.97,3,4,3106770.0636724927,0.7708640098571777,69570.00000000009,0.29541707038879395,799,0.19369769096374512,4327.0,0.033379554748535156,
jobrange.98,3,4,12619.817108060231,0.3891279697418213,180.0,0.14059662818908691,64,0.0962982177734375,64.0,0.03119826316833496,
jobrange.99,3,4,10125786.671035195,0.762639045715332,215736.39579636007,0.29748034477233887,2599,0.19361400604248047,32961.0,0.04340839385986328,
jobrange.100,3,4,261.9837334124459,0.3892512321472168,28.999999999999996,0.14040541648864746,29,0.09721970558166504,29.0,0.030637264251708984,
jobrange.101,3,4,3280.437470045721,0.387284517288208,84.00000000000003,0.13254046440124512,20,0.09622430801391602,20.0,0.033872127532958984,
jobrange.102,3,4,14928.577260053336,0.45444226264953613,1021.1474056901988,0.17779803276062012,79,0.12381720542907715,79.0,0.045230865478515625,
jobrange.103,3,4,5778.206541960942,0.3990132808685303,339.4057454213687,0.15299057960510254,22,0.1085968017578125,22.0,0.04360818862915039,
jobrange.104,3,4,43001.44256889499,0.7991981506347656,3596.999999999999,0.3006935119628906,1179,0.3992128372192383,1179.0,0.08866262435913086,
jobrange.105,3,4,1702.3753221648979,0.4821503162384033,90.0,0.18424677848815918,5,0.1386551856994629,5.0,0.054732561111450195,
jobrange.106,3,4,1811.706185113558,0.4676496982574463,104.00000000000003,0.3021979331970215,53,0.24616360664367676,53.0,0.07110786437988281,
jobrange.107,3,4,1446723.5227217558,0.8314566612243652,40235.99999999998,0.33205127716064453,499,0.20458984375,1520.0,0.06489706039428711,
jobrange.108,3,4,44399.482483639134,0.3159313201904297,5891.000000000002,0.1764984130859375,2001,0.20317554473876953,2001.0,0.06701540946960449,
jobrange.109,3,4,27805.783523295187,0.507195234298706,5280.999999999998,0.1923668384552002,2174,0.21584653854370117,2174.0,0.06830310821533203,
jobrange.110,3,4,26870.096934804613,0.5667343139648438,94.00000000000001,0.2170572280883789,46,0.13744282722473145,46.0,0.03276467323303223,
jobrange.111,3,4,167.99999999999994,0.6097667217254639,26.999999999999993,0.04049968719482422,27,0.03030872344970703,27.0,0.10372543334960938,
jobrange.112,3,4,1762118.1794356727,0.6092402935028076,91260.00000000012,0.15892267227172852,6174,0.11964249610900879,10320.0,0.05228233337402344,
jobrange.113,3,4,9099.430213237853,0.9432713985443115,246.0,0.37560415267944336,40,0.22585010528564453,40.0,0.05544614791870117,
jobrange.114,3,4,889377.8493643213,2.443110466003418,161355.99999999988,0.8439445495605469,24397,0.4925096035003662,24397.0,0.0943002700805664,
jobrange.115,3,4,243974.24857436222,0.10387539863586426,2252.0,0.02689194679260254,196,0.01655864715576172,196.0,0.04887270927429199,
jobrange.116,3,4,161909.65433968717,0.2820277214050293,27522.0,0.027654170989990234,5053,0.043520212173461914,5053.0,0.04704093933105469,
jobrange.117,3,4,18616.06376903466,0.2564394474029541,75.99999999999999,0.02573561668395996,64,0.01570415496826172,64.0,0.03798079490661621,
jobrange.118,3,4,30297338.447322577,0.6680753231048584,2743523.122089918,0.1694657802581787,43756,0.1396937370300293,678178.0,0.056136369705200195,
jobrange.119,3,4,521352.3286381546,2.4546046257019043,59955.99999999999,0.742835283279419,8511,0.4159531593322754,8511.0,0.04395627975463867,
jobrange.120,3,4,867.9999999999995,0.3293435573577881,57.99999999999999,0.04740786552429199,58,0.0647282600402832,58.0,0.05251193046569824,
jobrange.121,3,4,19809.962296375208,0.532970666885376,3763.9999999999986,0.3357582092285156,3347,0.39745593070983887,3347.0,0.06352519989013672,
jobrange.122,3,4,115520.0013904545,0.9328691959381104,20241.999999999993,0.5685133934020996,19130,0.5013833045959473,19130.0,0.05899786949157715,
jobrange.123,3,4,5073.196320883147,1.9264440536499023,214.00000000000006,0.6666839122772217,90,0.420306921005249,90.0,0.05576944351196289,
jobrange.124,3,4,925069.0369354325,1.871093511581421,8938.330908919095,0.6471538543701172,676,0.3773462772369385,676.0,0.046137332916259766,
jobrange.125,3,4,1153.090037543232,0.5908870697021484,33.99999999999999,0.16666173934936523,5,0.10309791564941406,5.0,0.040450096130371094,
jobrange.126,3,4,1418.479409261798,0.3880000114440918,26.999999999999993,0.0943148136138916,8,0.07048439979553223,8.0,0.033763885498046875,
jobrange.127,3,4,99355.06932210353,0.2607712745666504,17955.000000000004,0.10025525093078613,14285,0.18161630630493164,14285.0,0.06371259689331055,
jobrange.128,3,4,1691.4988184698448,0.2523670196533203,35.99999999999999,0.011527538299560547,36,0.006012916564941406,36.0,0.03857684135437012,
jobrange.129,3,4,63744.11544437136,0.29380106925964355,4700.000000000003,0.04309821128845215,1146,0.05391430854797363,1146.0,0.0377047061920166,
jobrange.130,3,4,20741573.89165342,1.048461675643921,8855087.000000006,0.4625582695007324,2871312,0.5364639759063721,6594972.0,0.13002228736877441,
jobrange.131,3,4,292.00000000000006,0.20010614395141602,23.000000000000004,0.05573630332946777,23,0.09385323524475098,23.0,0.05504107475280762,
jobrange.132,3,4,545988.7680525975,2.327501058578491,74686.00000000001,0.9074697494506836,53305,0.585991621017456,53433.0,0.06713342666625977,
jobrange.133,3,4,327230.38346859,0.30442261695861816,25369.000000000015,0.12927746772766113,22218,0.23624491691589355,22218.0,0.04725813865661621,
jobrange.134,3,4,157899.09493090832,0.8340396881103516,12051.999999999993,0.3760032653808594,8711,0.602393627166748,8711.0,0.06208968162536621,
jobrange.135,3,4,13985.785646550192,2.118337631225586,173.0,0.654850959777832,53,0.39608311653137207,53.0,0.04938220977783203,
jobrange.136,3,4,247300.43591372448,1.986182689666748,13189.000000000005,0.9079616069793701,549,0.8885772228240967,549.0,0.09681177139282227,
jobrange.137,3,4,12317.336562747652,0.3402745723724365,105.99999999999997,0.07323837280273438,3,0.06684994697570801,3.0,0.053460121154785156,
jobrange.138,3,4,1600003.2116164328,0.4088764190673828,139318.35543500583,0.15447521209716797,28230,0.11108016967773438,28815.0,0.03986644744873047,
jobrange.139,3,4,360492972.634696,2.38570499420166,222180018.99999994,0.9102208614349365,5478078,0.7167317867279053,155678620.0,0.2701151371002197,
jobrange.140,3,4,35868.48193423354,0.269939661026001,846.0,0.02633523941040039,211,0.021221637725830078,211.0,0.01900196075439453,
jobrange.141,3,4,108027.1571382296,1.8292887210845947,2795.999999999999,0.6366636753082275,1135,0.3771638870239258,1135.0,0.03559088706970215,
jobrange.142,3,4,33532451.92225116,0.7734150886535645,14830262.000000019,0.2661294937133789,1166487,0.3106343746185303,9822895.0,0.07654571533203125,
jobrange.143,3,4,911.6257023038614,0.6213517189025879,20.000000000000004,0.25953078269958496,1,0.16896581649780273,1.0,0.05112051963806152,
jobrange.144,3,4,1709723.4917454957,0.7879998683929443,180838.6944112432,0.20325589179992676,15189,0.16765069961547852,27561.0,0.04637598991394043,
jobrange.145,3,4,9785.085689565063,0.30852508544921875,37.99999999999999,0.11101245880126953,38,0.2188549041748047,38.0,0.05050158500671387,
jobrange.146,3,4,168639.6254095046,0.39119958877563477,70455.00000000001,0.2572002410888672,46304,0.18831110000610352,46338.0,0.05285000801086426,
jobrange.147,3,4,64567.71340159478,0.5900144577026367,480.99999999999994,0.1542985439300537,227,0.10743236541748047,227.0,0.03977537155151367,
jobrange.148,3,4,3834415.745153799,2.232579469680786,28730.000000000036,0.806915283203125,487,0.4665861129760742,27495.0,0.043523550033569336,
jobrange.149,3,4,25327.542794357323,0.2354109287261963,840.9999999999997,0.01062631607055664,55,0.011579513549804688,55.0,0.039578914642333984,
jobrange.150,3,4,51.42917186947134,0.6070497035980225,2.0,0.2632768154144287,1,0.17164945602416992,1.0,0.0407564640045166,
jobrange.151,3,4,93415.58718941736,2.1405603885650635,419.99999999999966,0.6359422206878662,60,0.3656911849975586,60.0,0.03965878486633301,
jobrange.152,3,4,4932732.108758092,0.6401162147521973,2119.9999999999986,0.15513086318969727,141,0.10761022567749023,250.0,0.06936502456665039,
jobrange.153,3,4,659.2855764437702,0.4000067710876465,26.999999999999993,0.09352421760559082,5,0.07060885429382324,5.0,0.03762984275817871,
jobrange.154,3,4,387.99946370678936,0.4127206802368164,8.999999999999998,0.058439016342163086,4,0.10954427719116211,4.0,0.05768251419067383,
jobrange.155,3,4,63134.930363468324,0.5804815292358398,2894.0000000000005,0.21263551712036133,585,0.3732428550720215,585.0,0.09545516967773438,
jobrange.156,3,4,35047.154108680894,0.17635774612426758,3084.0000000000014,0.061966896057128906,567,0.07656574249267578,567.0,0.03969454765319824,
jobrange.157,3,4,60480.000000000095,0.6449830532073975,96.0,0.19548273086547852,18,0.13302969932556152,78.0,0.04628109931945801,
jobrange.158,3,4,483259.95842784946,1.7884702682495117,67617.99999999997,0.6907749176025391,26237,0.47748351097106934,26237.0,0.053148508071899414,
jobrange.159,3,4,25.999999999999993,0.2172534465789795,2.0,0.005087614059448242,2,0.001264810562133789,2.0,0.03977560997009277,
jobrange.160,3,4,30297338.447322577,0.4266786575317383,3629914.1506786784,0.18600177764892578,55203,0.11586475372314453,854261.0,0.048369407653808594,
jobrange.161,3,4,31205635.026002977,0.7683486938476562,20772820.000000022,0.2621726989746094,1533374,0.2770073413848877,11838094.0,0.10825061798095703,
jobrange.162,3,4,137764.00208327267,0.339888334274292,10140.000000000002,0.05009341239929199,3897,0.07321333885192871,3897.0,0.041053056716918945,
jobrange.163,3,4,2536329.379329539,0.8375983238220215,31899.999999999967,0.37302708625793457,1570,0.22023773193359375,1670.0,0.04130697250366211,
jobrange.164,3,4,71957.15527720895,0.29456663131713867,4349.999999999998,0.13014531135559082,3978,0.24418210983276367,4047.0,0.05117535591125488,
jobrange.165,3,4,40002.81963257701,0.5447037220001221,7326.000000000001,0.3392763137817383,4123,0.40667104721069336,4137.0,0.04972219467163086,
jobrange.166,3,4,420.00000000000017,0.3499135971069336,251.0,0.21491289138793945,229,0.3165874481201172,229.0,0.07886147499084473,
jobrange.167,3,4,12.0,0.5239419937133789,4.0,0.14926576614379883,3,0.15573453903198242,3.0,0.05555868148803711,
jobrange.168,3,4,3797.0,0.6176126003265381,2890.000000000001,0.22324371337890625,2802,0.27791476249694824,2802.0,0.056011199951171875,
jobrange.169,3,4,1942116.152199966,0.5805716514587402,9289.999999999998,0.3033285140991211,4054,0.2146775722503662,4054.0,0.07022690773010254,
jobrange.170,3,4,67.99999999999999,0.1533348560333252,1.0,0.09228873252868652,1,0.06846237182617188,1.0,0.06089639663696289,
jobrange.171,3,4,2971.999999999998,0.43158793449401855,8.0,0.13439607620239258,6,0.09398984909057617,6.0,0.03244447708129883,
jobrange.172,3,4,1881059.6628305032,0.9233908653259277,30393.0,0.30832386016845703,23792,0.22620844841003418,23792.0,0.0675961971282959,
jobrange.173,3,4,1810319.1789969373,0.8440744876861572,37773.00000000001,0.30835676193237305,31478,0.19746112823486328,31478.0,0.06104898452758789,
jobrange.174,3,4,12722.005952052072,0.31180858612060547,14.000000000000005,0.08231973648071289,11,0.05762958526611328,11.0,0.044356346130371094,
jobrange.175,3,4,134977.41653841722,0.31314778327941895,73034.99999999999,0.1589341163635254,46689,0.22208333015441895,46701.0,0.05308389663696289,
jobrange.176,3,4,250.0,0.2468111515045166,15.000000000000002,0.01940631866455078,6,0.034102439880371094,6.0,0.03004169464111328,
jobrange.177,3,4,2012.9999999999993,0.3524489402770996,64.0,0.07548737525939941,59,0.06327390670776367,59.0,0.06700944900512695,
jobrange.178,3,4,125.0,0.3226325511932373,20.000000000000004,0.09625673294067383,18,0.10747385025024414,18.0,0.052118778228759766,
jobrange.179,3,4,13952.023942922026,0.837289571762085,217.00000000000003,0.30860137939453125,197,0.177628755569458,197.0,0.04809212684631348,
jobrange.180,3,4,76295.31263568166,0.7965149879455566,364.0,0.2991187572479248,317,0.21191000938415527,317.0,0.0680384635925293,
jobrange.181,3,4,3182.3490578490587,0.8156566619873047,75.99999999999999,0.30071020126342773,76,0.21259331703186035,76.0,0.08668971061706543,
jobrange.182,3,4,1932.0000000000007,0.45197367668151855,16.0,0.13966989517211914,12,0.08976125717163086,12.0,0.06382918357849121,
jobrange.183,3,4,8.0,0.43239617347717285,3.0,0.1264629364013672,3,0.06891703605651855,3.0,0.046185970306396484,
jobrange.184,3,4,1.0,0.40244269371032715,1.0,0.13646340370178223,1,0.16982817649841309,1.0,0.047777414321899414,
jobrange.185,3,4,323.9999999999999,0.35505032539367676,1.0,0.0885763168334961,1,0.07732534408569336,1.0,0.051941871643066406,
jobrange.186,3,4,4.0,0.44385695457458496,3.0,0.1234276294708252,3,0.08827424049377441,3.0,0.032257795333862305,
jobrange.187,3,4,4693788.580699821,0.7249832153320312,16419.999999999996,0.32944560050964355,3316,0.23569893836975098,8748.0,0.04535531997680664,
jobrange.188,3,4,17.999999999999996,0.9885177612304688,12.0,0.44031286239624023,8,0.7862262725830078,8.0,0.07218384742736816,
jobrange.189,3,4,5392.000000000001,0.9077670574188232,4539.000000000001,0.5317153930664062,4009,1.0039052963256836,4009.0,0.07849287986755371,
jobrange.190,3,4,835.0000000000005,0.4117755889892578,67.99999999999999,0.1293938159942627,62,0.12743401527404785,62.0,0.06494688987731934,
jobrange.191,3,4,477.9999999999998,0.36975622177124023,4.999999999999999,0.08871245384216309,4,0.07373356819152832,4.0,0.051564693450927734,
jobrange.192,3,4,151.99999999999997,0.4568324089050293,76.99999999999999,0.16468501091003418,62,0.204787015914917,62.0,0.08044791221618652,
jobrange.193,3,4,10798.999999999995,0.7963385581970215,5336.999999999999,0.29864501953125,4774,0.48758983612060547,4774.0,0.07999444007873535,
jobrange.194,3,4,306.99999999999983,0.2039194107055664,12.0,0.11494636535644531,12,0.11947369575500488,12.0,0.04124093055725098,
jobrange.195,3,4,2363.9999999999986,0.27699851989746094,4.0,0.11379623413085938,3,0.08266162872314453,3.0,0.03221392631530762,
jobrange.196,3,4,455719.7500003126,0.6901323795318604,3589.999999999998,0.2990868091583252,2664,0.21371912956237793,2664.0,0.058016300201416016,
jobrange.197,3,4,1335.9999999999998,0.3581349849700928,156.00000000000003,0.18928265571594238,102,0.21679425239562988,102.0,0.06315755844116211,
jobrange.198,3,4,2059.9999999999995,0.23691964149475098,16.0,0.11117887496948242,6,0.08186197280883789,6.0,0.022929906845092773,
jobrange.199,3,4,1175.9999999999993,0.30207133293151855,546.0,0.16880011558532715,526,0.23902034759521484,526.0,0.07232117652893066,
jobrange.200,3,4,2821.9999999999973,0.4723246097564697,160.00000000000023,0.15971040725708008,131,0.18197894096374512,131.0,0.08956408500671387,
jobrange.201,3,4,376.00000000000006,0.44237637519836426,4.0,0.13434576988220215,3,0.08953690528869629,3.0,0.04402875900268555,
jobrange.202,3,4,107.99999999999997,0.4422593116760254,4.0,0.1328270435333252,3,0.08968162536621094,3.0,0.05848073959350586,
jobrange.203,3,4,4523929.999999991,0.963463544845581,989172.0000000003,0.3640596866607666,854464,0.2565281391143799,854464.0,0.04894208908081055,
jobrange.204,3,4,12496.000000000002,0.183577299118042,71.99999999999999,0.08925580978393555,39,0.06708765029907227,39.0,0.02959275245666504,
jobrange.205,3,4,140.0,0.3360745906829834,4.0,0.08490848541259766,3,0.05933213233947754,3.0,0.0321958065032959,
jobrange.206,3,4,4523930.000000002,0.830801248550415,458484.00000000006,0.4136950969696045,264297,0.5607728958129883,264297.0,0.0739755630493164,
jobrange.207,3,4,13704.000000000007,0.34337711334228516,264.00000000000017,0.08863973617553711,193,0.08252453804016113,193.0,0.04913830757141113,
jobrange.208,3,4,14364.000000000007,0.32344627380371094,745.0000000000009,0.07990431785583496,447,0.06932950019836426,447.0,0.051434993743896484,
jobrange.209,3,4,39.999999999999986,0.462007999420166,27.999999999999993,0.22823548316955566,21,0.3419680595397949,21.0,0.08666658401489258,
jobrange.210,3,4,32.0,0.34233641624450684,4.0,0.08700251579284668,3,0.05934619903564453,3.0,0.051908254623413086,
jobrange.211,3,4,166.99999999999997,0.39982151985168457,47.00000000000001,0.13867688179016113,43,0.1859116554260254,43.0,0.07637405395507812,
jobrange.212,3,4,4523929.999999991,0.9885852336883545,1690264.0,0.39267492294311523,1500007,0.4237678050994873,1500007.0,0.07455635070800781,
jobrange.213,3,4,931696.8472805476,0.8313136100769043,3913.9999999999995,0.29873228073120117,3365,0.21569418907165527,3365.0,0.07757163047790527,
jobrange.214,3,4,4523929.999999991,0.6771676540374756,91543.00000000001,0.33025479316711426,65851,0.23432016372680664,65851.0,0.055660247802734375,
jobrange.215,3,4,4.0,0.2961738109588623,1.0,0.07510662078857422,1,0.058959007263183594,1.0,0.04861736297607422,
jobrange.216,3,4,16.999999999999996,0.42069554328918457,4.999999999999999,0.14730191230773926,5,0.14969229698181152,5.0,0.05120730400085449,
jobrange.217,3,4,135.0,0.3990778923034668,4.999999999999999,0.1143648624420166,4,0.10110354423522949,4.0,0.04892468452453613,
jobrange.218,3,4,564.0,0.46741175651550293,185.99999999999994,0.15798187255859375,184,0.18366503715515137,184.0,0.07118964195251465,
jobrange.219,3,4,57.99999999999999,0.36446142196655273,1.0,0.08755302429199219,1,0.07605409622192383,1.0,0.058391571044921875,
jobrange.220,3,4,27.205568589275003,0.36625075340270996,1.0,0.09206604957580566,1,0.07313084602355957,1.0,0.0506136417388916,
jobrange.221,3,4,2031352.7124779772,0.687119722366333,376159.54470260796,0.255490779876709,10776,0.2162773609161377,38679.0,0.07970929145812988,
jobrange.222,3,4,5120216.345889117,1.3405067920684814,3940119.9999999977,0.5344114303588867,812834,0.7911369800567627,3818792.0,0.1304917335510254,
jobrange.223,3,4,6787892.380732428,0.4740786552429199,562637.0490884846,0.30458974838256836,27535,0.18262720108032227,164617.0,0.04307079315185547,
jobrange.224,3,4,3910202.1158870254,2.0567102432250977,52850.00000000006,0.7998199462890625,565,0.4705638885498047,5200.0,0.044408321380615234,
jobrange.225,3,4,243332.81497042577,0.4803757667541504,24035.29012994081,0.16428852081298828,501,0.1224527359008789,3862.0,0.06257438659667969,
jobrange.226,3,4,3976827.0607006606,0.6340005397796631,1981247.9999999986,0.3978850841522217,982992,0.4482400417327881,1290133.0,0.0841066837310791,
jobrange.227,3,4,5264.000000000006,0.647611141204834,839.9999999999993,0.2722816467285156,57,0.16425180435180664,840.0,0.03934764862060547,
jobrange.228,3,4,85258.94786778362,0.4560830593109131,180.0,0.16792035102844238,31,0.12954473495483398,60.0,0.035035133361816406,
jobrange.229,3,4,5452052.671423409,0.6559572219848633,2007571.999999998,0.36225461959838867,219317,0.4705383777618408,458671.0,0.09241366386413574,
jobrange.230,3,4,27719.999999999996,0.5588226318359375,1.0,0.2205810546875,1,0.15756750106811523,1.0,0.06027054786682129,
jobrange.231,3,4,14229220.294514637,1.109198808670044,2790689.094504558,0.648144006729126,109332,0.36769890785217285,185394.0,0.05447196960449219,
jobrange.232,3,4,37544276.41620356,2.167755603790283,18761583.999999985,0.8760766983032227,1821894,0.5643711090087891,3895190.0,0.09148263931274414,
jobrange.233,3,4,6637019.539675033,0.651392936706543,305376.3781633539,0.2798736095428467,13684,0.18201565742492676,32822.0,0.0438838005065918,
jobrange.234,3,4,213476.70291839613,0.5985136032104492,1932.0000000000032,0.2225492000579834,77,0.14171528816223145,1512.0,0.04401588439941406,
jobrange.235,3,4,35467.79689547133,0.47433042526245117,359.9999999999998,0.1991591453552246,37,0.1204233169555664,360.0,0.048116445541381836,
jobrange.236,3,4,449972.74557517824,0.46454668045043945,39978.3257845618,0.1859898567199707,1561,0.1148684024810791,3820.0,0.04498171806335449,
jobrange.237,3,4,10451811.437435616,1.0019075870513916,1171681.9553127226,0.5511143207550049,28746,0.30594706535339355,211102.0,0.05307602882385254,
jobrange.238,3,4,452605.8447020172,0.4398486614227295,1229.9999999999995,0.1721324920654297,58,0.10903573036193848,870.0,0.03957509994506836,
jobrange.239,3,4,37544276.41620356,2.1147193908691406,18761583.999999985,0.9590499401092529,6173044,0.7564735412597656,11533516.0,0.14353442192077637,
jobrange.240,3,4,88414.73949576673,0.44115209579467773,4.999999999999999,0.19809889793395996,2,0.14192748069763184,2.0,0.03733539581298828,
jobrange.241,3,4,1633022.7801955265,0.8245692253112793,63508.122047798985,0.4288959503173828,2363,0.2725546360015869,5805.0,0.04322457313537598,
jobrange.242,3,4,5120216.345889117,0.6113851070404053,2577068.8241168405,0.22290730476379395,149282,0.20718073844909668,500636.0,0.07585382461547852,
jobrange.243,3,4,3246640.295319519,0.7207694053649902,1031757.8697741934,0.47057557106018066,171931,0.31081438064575195,181755.0,0.045314788818359375,
jobrange.244,3,4,3949224.570681493,0.5383665561676025,2261885.6607457064,0.2009754180908203,129884,0.20920014381408691,1104257.0,0.07848525047302246,
jobrange.245,3,4,59149637.86265724,2.160731077194214,45389532.999999985,0.9339187145233154,2775908,0.8091976642608643,18137186.0,0.12288069725036621,
jobrange.246,3,4,10115522.643672436,1.2440965175628662,517758.6728383413,0.7061243057250977,5779,0.33189845085144043,6667.0,0.058362483978271484,
jobrange.247,3,4,59149637.86265724,2.167811155319214,45389532.999999985,0.8709714412689209,2860580,0.6038293838500977,19639321.0,0.1178889274597168,
jobrange.248,3,4,3187027.9177785874,0.465806245803833,243278.69899705652,0.19597649574279785,7820,0.12322449684143066,50106.0,0.04440498352050781,
jobrange.249,3,4,1602234.6532012373,0.6028902530670166,434221.0,0.23829865455627441,27196,0.25332188606262207,89274.0,0.07139420509338379,
jobrange.250,3,4,240497.71192755064,0.5541212558746338,1439.999999999999,0.18911981582641602,68,0.21140241622924805,68.0,0.07254624366760254,
jobrange.251,3,4,1049352.5887397595,2.628957986831665,2376.000000000001,0.9717996120452881,120,0.46602964401245117,292.0,0.05112099647521973,
jobrange.252,3,4,59149637.86265724,2.0625054836273193,39671110.17312978,0.8244597911834717,1010158,0.5087168216705322,6454460.0,0.07430744171142578,
jobrange.253,3,4,319349.95532518416,1.0034613609313965,9240.000000000011,0.5789716243743896,117,0.29034423828125,118.0,0.03656005859375,
jobrange.254,3,4,8616827.889688488,0.9587492942810059,668779.0005888266,0.5452859401702881,13487,0.28592586517333984,62331.0,0.05668187141418457,
jobrange.255,3,4,59149637.86265724,1.9817628860473633,45389532.999999985,0.8674139976501465,2261740,0.6081173419952393,20529008.0,0.13683319091796875,
jobrange.256,3,4,5075210.170655133,0.3303639888763428,157594.61989159297,0.20016169548034668,1375,0.13321280479431152,1733.0,0.04756355285644531,
jobrange.257,3,4,7788453.08248117,0.6351323127746582,2356071.6744234,0.35437965393066406,73530,0.31319284439086914,110445.0,0.06835103034973145,
jobrange.258,3,4,1152409.6652415239,0.9009084701538086,136429.02829266572,0.4007718563079834,9389,0.2370319366455078,14070.0,0.0591275691986084,
jobrange.259,3,4,10451811.437435616,0.9664874076843262,1606655.366464134,0.5477254390716553,46414,0.29143333435058594,354654.0,0.048245906829833984,
jobrange.260,3,4,9186179.70799801,0.9621365070343018,1195531.1363924204,0.6303460597991943,31923,0.3309059143066406,239635.0,0.04611515998840332,
jobrange.261,3,4,10451811.437435616,0.9807634353637695,3407607.3106524153,0.5702590942382812,77928,0.3328263759613037,108746.0,0.051985740661621094,
jobrange.262,3,4,34441430.8349718,2.2192740440368652,2473654.942751656,0.8861916065216064,32390,0.5170676708221436,409608.0,0.044986724853515625,
jobrange.263,3,4,6247377.1322454335,0.5556848049163818,3238608.9999999963,0.32901716232299805,415231,0.33611249923706055,1471139.0,0.0855712890625,
jobrange.264,3,4,82622663.23860672,2.241136312484741,28438127.732700527,0.8986251354217529,646743,0.5212852954864502,3855756.0,0.06607961654663086,
jobrange.265,3,4,178637.14124417698,0.9590520858764648,319.9999999999999,0.5421707630157471,21,0.2779421806335449,45.0,0.04046058654785156,
jobrange.266,3,4,719134.4319011972,0.7127666473388672,102258.36072338781,0.3519268035888672,10805,0.21227359771728516,12792.0,0.04975748062133789,
jobrange.267,3,4,1133937.7798200524,0.44307470321655273,11519.999999999993,0.17533111572265625,234,0.10923504829406738,4692.0,0.036626577377319336,
jobrange.268,3,4,272040.57752306404,0.9889819622039795,6539.999999999999,0.5413897037506104,134,0.28566503524780273,2168.0,0.046564340591430664,
jobrange.269,3,4,240482.37231772297,0.4606013298034668,4590.000000000002,0.17140841484069824,451,0.13645148277282715,910.0,0.04701399803161621,
jobrange.270,3,4,53017.047152191706,0.5571548938751221,621.0000000000003,0.19967055320739746,11,0.14441251754760742,19.0,0.03572225570678711,
jobrange.271,3,4,5075210.170655133,0.5773518085479736,1202217.9999999986,0.23221206665039062,47952,0.19797015190124512,142609.0,0.06729602813720703,
jobrange.272,3,4,84497382.38108096,2.309314250946045,64151116.99999999,0.9378881454467773,2624572,0.6196765899658203,12059021.0,0.12260866165161133,
jobrange.273,3,4,886650.8531516206,2.2905948162078857,7037.999999999994,0.7959170341491699,301,0.4552643299102783,5971.0,0.03973531723022461,
jobrange.274,3,4,2641157.366159685,1.028136968612671,461404.7559225704,0.5523688793182373,52554,0.3806030750274658,59795.0,0.05541229248046875,
jobrange.275,3,4,59149637.86265724,2.131601333618164,43010844.033100456,0.8428442478179932,1295093,0.530245304107666,2835865.0,0.09300088882446289,
jobrange.276,3,4,578727.4325549555,7.6447248458862305,35241.75304474938,1.0809953212738037,2199,0.708298921585083,2199.0,0.04765605926513672,
jobrange.277,3,4,50167858.90104734,0.6800048351287842,10324201.107013624,0.18113994598388672,56885,0.1561422348022461,439275.0,0.1324608325958252,
jobrange.278,3,4,511960.6006882549,7.264757871627808,28838.428472128107,1.0852768421173096,1086,0.7296047210693359,1086.0,0.043415069580078125,
jobrange.279,3,4,2187.6428421582,1.2449867725372314,55.000000000000014,0.5291435718536377,27,0.7889022827148438,27.0,0.0757453441619873,
jobrange.280,3,4,2012.39302287473,0.21047496795654297,71.00000000000001,0.03756356239318848,25,0.07225680351257324,25.0,0.11861944198608398,
jobrange.281,3,4,36943.03921586669,0.6851897239685059,1192.9999999999995,0.10407495498657227,534,0.14379334449768066,534.0,0.12804079055786133,
jobrange.282,3,4,81207.58716975048,2.8515255451202393,1328.0000000000007,0.5244011878967285,46,0.31436896324157715,46.0,0.040070533752441406,
jobrange.283,3,4,16788648.22569887,1.44305419921875,91700.0,0.4340653419494629,409,0.27374839782714844,1975.0,0.06532144546508789,
jobrange.284,3,4,3678.0358383456373,0.8838739395141602,30.000000000000004,0.17599129676818848,6,0.12435722351074219,6.0,0.09244489669799805,
jobrange.285,3,4,189710012.54796013,2.0709280967712402,22471694.122685615,0.38205885887145996,114530,0.3021125793457031,639129.0,0.12703561782836914,
jobrange.286,3,4,15201.116173682647,0.9506962299346924,80.99999999999997,0.20256972312927246,4,0.13698887825012207,4.0,0.08631634712219238,
jobrange.287,3,4,1505.7406774245908,0.6698033809661865,18.999999999999996,0.14365935325622559,4,0.1100454330444336,4.0,0.08521747589111328,
jobrange.288,3,4,1357.296026610511,0.33922648429870605,4.999999999999999,0.008882522583007812,5,0.0037431716918945312,5.0,0.07855963706970215,
jobrange.289,3,4,105886125.45729455,2.1383183002471924,26222461.000000007,0.5733211040496826,3069863,0.5868065357208252,18093311.0,0.2290787696838379,
jobrange.290,3,4,26057.852283910423,7.738097906112671,2152.9999999999995,1.118535041809082,590,0.7889461517333984,590.0,0.03848099708557129,
jobrange.291,3,4,14443.43519434669,7.648742914199829,225.00000000000006,1.0855433940887451,122,0.714630126953125,122.0,0.03861284255981445,
jobrange.292,3,4,170963.2630136983,7.765486478805542,26158.999999999996,1.103266716003418,6339,0.7637577056884766,6339.0,0.04986262321472168,
jobrange.293,3,4,7557.769394527685,1.9333910942077637,308.0000000000001,0.25160646438598633,23,0.18948888778686523,23.0,0.12195515632629395,
jobrange.294,3,4,9728.362921411464,2.7058494091033936,520.0,0.5291941165924072,77,0.3186182975769043,77.0,0.04534316062927246,
jobrange.295,3,4,96740.77837260287,0.7754645347595215,258.0,0.17100811004638672,4,0.12879228591918945,4.0,0.1213846206665039,
jobrange.296,3,4,35914.560863248764,0.5138974189758301,1039.0,0.08439397811889648,14,0.06934642791748047,14.0,0.0852515697479248,
jobrange.297,3,4,85303188.01435646,0.9907066822052002,9341213.602778504,0.2065286636352539,85287,0.15474843978881836,782241.0,0.11590147018432617,
jobrange.298,3,4,23529.08905078278,1.9701905250549316,105.99999999999997,0.25374531745910645,4,0.18917298316955566,4.0,0.09962773323059082,
jobrange.299,3,4,124286747.317047,1.28546142578125,38759737.99999999,0.2727541923522949,428987,0.21714401245117188,6794200.0,0.17536401748657227,
jobrange.300,3,4,28779.315881578474,1.3834960460662842,1303.0,0.3726930618286133,1136,0.4225912094116211,1136.0,0.09296107292175293,
jobrange.301,3,4,68787.47464663818,1.5746095180511475,1252.9999999999995,0.5585770606994629,1251,1.1978676319122314,1251.0,0.12037420272827148,
jobrange.302,3,4,102838.38023884747,1.7113654613494873,13082.000000000002,0.3350954055786133,2526,0.3198509216308594,2526.0,0.0893092155456543,
jobrange.303,3,4,866647.9330941126,7.820019483566284,42627.6329687568,1.1015629768371582,1514,0.7507345676422119,1514.0,0.05177187919616699,
jobrange.304,3,4,74648.32251475586,1.7693800926208496,3834.999999999998,0.48394203186035156,1438,0.4031538963317871,1438.0,0.051413774490356445,
jobrange.305,3,4,149967823.03526917,3.406111478805542,4135878.899643497,0.7171342372894287,16103,0.4385185241699219,59357.0,0.08231830596923828,
jobrange.306,3,4,146793.09299447967,2.9107353687286377,8907.999999999996,0.5662846565246582,3254,0.38687896728515625,3271.0,0.05984616279602051,
jobrange.307,3,4,23366791.534060646,1.3867392539978027,4517972.000000001,0.5519371032714844,2567162,0.623499870300293,2798047.0,0.1350553035736084,
jobrange.308,3,4,44839.24071352006,7.734806060791016,2256.0,1.1562378406524658,567,0.8526582717895508,567.0,0.052825927734375,
jobrange.309,3,4,61.77896887721724,0.45473313331604004,3.0,0.11481714248657227,2,0.07399201393127441,2.0,0.030493736267089844,
jobrange.310,3,4,1604885.242614346,7.739069700241089,112850.84844925416,1.0996618270874023,10381,0.7266857624053955,10381.0,0.04197120666503906,
jobrange.311,3,4,144197547.55039713,2.219748020172119,52269793.00000006,0.5052142143249512,895552,0.4447157382965088,9132448.0,0.2023637294769287,
jobrange.312,3,4,35623.737557265726,7.6965172290802,526.9999999999998,1.0942480564117432,38,0.7192518711090088,38.0,0.03603649139404297,
jobrange.313,3,4,5672.065447643827,1.0680274963378906,3.0,0.2750999927520752,3,0.1789417266845703,3.0,0.03485417366027832,
jobrange.314,3,4,201234215.63871875,3.46659255027771,32193590.83376988,0.7258124351501465,175526,0.45026636123657227,1845215.0,0.08619284629821777,
jobrange.315,3,4,95727654.02455308,1.5721445083618164,23844373.157935794,0.39423704147338867,241053,0.3029196262359619,658076.0,0.09791159629821777,
jobrange.316,3,4,1425617.2247274998,7.767480373382568,80828.84201414228,1.1073248386383057,8739,0.7376933097839355,8739.0,0.037806034088134766,
jobrange.317,3,4,37543.423141617626,1.036221981048584,1667.7818109275931,0.1863558292388916,102,0.14378666877746582,102.0,0.04586029052734375,
jobrange.318,3,4,180497.3791763491,3.1594271659851074,17088.99999999998,0.6283590793609619,4341,0.4978485107421875,4341.0,0.061827898025512695,
jobrange.319,3,4,4776210.352770486,0.7163417339324951,990793.9999999993,0.2398688793182373,448828,0.2838444709777832,454972.0,0.12153983116149902,
jobrange.320,3,4,7428210.88522704,0.7120294570922852,33480.000000000015,0.1545875072479248,464,0.1135568618774414,1915.0,0.07312464714050293,
jobrange.321,3,4,26724682.631384443,0.9265561103820801,1693055.1216571948,0.38236045837402344,32482,0.26010799407958984,64164.0,0.11295676231384277,
jobrange.322,3,4,521051967.2990677,8.164267539978027,141932980.66004047,1.3118255138397217,859946,0.869483470916748,11262410.0,0.22600626945495605,
jobrange.323,3,4,587.8910765734329,0.3026087284088135,4.999999999999999,0.00683903694152832,1,0.0027251243591308594,1.0,0.07133340835571289,
jobrange.324,3,4,51876733.02069184,1.6875851154327393,8848626.99999999,0.6452889442443848,2571984,0.8254833221435547,5544915.0,0.10971474647521973,
jobrange.325,3,4,1079831.4650731205,1.0313172340393066,26456.00000000001,0.1913895606994629,1230,0.1475520133972168,1230.0,0.03648042678833008,
jobrange.326,3,4,400981.1224140029,1.0650296211242676,25176.297268501035,0.19515681266784668,1137,0.1584336757659912,1137.0,0.042391061782836914,
jobrange.327,3,4,227571618.28483808,3.5082077980041504,78762882.00000004,0.8162322044372559,3315297,0.6535665988922119,43082696.0,0.22493267059326172,
jobrange.328,3,4,7603.36635971199,0.5632669925689697,85.0,0.12235212326049805,23,0.18511033058166504,23.0,0.10305619239807129,
jobrange.329,3,4,364835.6517392463,1.1169538497924805,2472.0,0.27773213386535645,39,0.1895442008972168,39.0,0.041632652282714844,
jobrange.330,3,4,131908.09406685832,0.9841325283050537,12393.000000000007,0.28264713287353516,672,0.2396531105041504,672.0,0.058470964431762695,
jobrange.331,2,3,1943384.4093467512,0.9066462516784668,570293.0,0.29232048988342285,570293,0.2498621940612793,570293.0,0.14721441268920898,
jobrange.332,2,3,689455.6956950638,1.063736915588379,13899.000000000002,0.18187332153320312,13899,0.1451566219329834,13899.0,0.030884981155395508,
jobrange.333,2,3,62541.83931407609,0.9340176582336426,1416.9999999999993,0.1773819923400879,1417,0.1296367645263672,1417.0,0.07883858680725098,
jobrange.334,2,3,54041.6853874921,7.725719213485718,1116.9999999999998,1.0722756385803223,1117,0.7172927856445312,1117.0,0.045793771743774414,
jobrange.335,2,3,50.000001817012986,0.1703321933746338,1.0,0.033046722412109375,1,0.0247955322265625,1.0,0.08658647537231445,
jobrange.336,2,3,6466661.875029889,2.9938998222351074,1194423.0000000005,0.5604648590087891,1194423,0.3694913387298584,1194423.0,0.040245771408081055,
jobrange.337,2,3,12669332.999999998,3.1019186973571777,5453161.999999996,0.7054483890533447,5453162,0.5704505443572998,5453162.0,0.1145334243774414,
jobrange.338,2,3,4497952.440522018,7.573213338851929,509384.99999999953,1.0874242782592773,509385,0.7234625816345215,509385.0,0.08296942710876465,
jobrange.339,2,3,3355191.446861607,7.673715114593506,351093.0000000004,1.0753650665283203,351093,0.7245452404022217,351093.0,0.02906060218811035,
jobrange.340,2,3,2048467.7505694896,1.648766279220581,195877.00000000017,0.4091818332672119,195877,0.26193690299987793,195877.0,0.0606689453125,
jobrange.341,2,3,126827.14155365745,0.36972522735595703,6237.000000000001,0.11372756958007812,6237,0.11077618598937988,6237.0,0.10288858413696289,
jobrange.342,2,3,236039.7978509547,2.991199016571045,5906.000000000003,0.522235631942749,5906,0.3222048282623291,5906.0,0.04388880729675293,
jobrange.343,2,3,2766749.596638627,1.0075039863586426,304136.0,0.30475687980651855,304136,0.23572349548339844,304136.0,0.06898069381713867,
jobrange.344,2,3,545029.7110433513,1.0757486820220947,23480.99999999999,0.2698085308074951,23481,0.18569612503051758,23481.0,0.0731496810913086,
jobrange.345,2,3,3901744.9742852394,1.2728254795074463,1279582.0000000007,0.35076093673706055,1279582,0.31736207008361816,1279582.0,0.10601425170898438,
jobrange.346,2,3,1381341.9271809554,0.8756129741668701,381740.9999999996,0.3727118968963623,381741,0.3259155750274658,381741.0,0.08066439628601074,
jobrange.347,2,3,32261.616331745936,1.825953483581543,590.0000000000002,0.40388989448547363,590,0.2436511516571045,590.0,0.0680549144744873,
jobrange.348,2,3,5964.590195163458,0.7566084861755371,21.000000000000007,0.07216477394104004,21,0.05466461181640625,21.0,0.0893392562866211,
jobrange.349,2,3,870458.9747349094,7.717921733856201,50955.99999999998,1.0773749351501465,50956,0.7206130027770996,50956.0,0.05315971374511719,
jobrange.350,2,3,1740.9999999999995,7.798222064971924,17.999999999999996,1.0613512992858887,18,0.709256649017334,18.0,0.058852434158325195,
jobrange.351,2,3,103723.77564452698,2.9000425338745117,1428.9999999999998,0.5283181667327881,1429,0.32095766067504883,1429.0,0.04683327674865723,
jobrange.352,2,3,7451302.999999982,2.238779306411743,3340157.9999999977,0.6017677783966064,3340158,0.49524736404418945,3340158.0,0.1314094066619873,
jobrange.353,2,3,3716.254177325548,1.0961382389068604,2.0,0.26371192932128906,2,0.18154597282409668,2.0,0.05319046974182129,
jobrange.354,2,3,8054423.045685137,2.923704147338867,1728855.0000000005,0.5836284160614014,1728855,0.39250636100769043,1728855.0,0.0997316837310791,
jobrange.355,2,3,8961931.09669633,2.959930896759033,2453767.0,0.5932824611663818,2453767,0.4106738567352295,2453767.0,0.09805440902709961,
jobrange.356,2,3,2503848.6416753847,7.619368076324463,218822.0,1.0809342861175537,218822,0.7320916652679443,218822.0,0.07802629470825195,
jobrange.357,2,3,52.996662741174426,0.4618253707885742,1.0,0.09649896621704102,1,0.06233096122741699,1.0,0.0921933650970459,
jobrange.358,2,3,356771.1173903543,2.9961771965026855,11518.999999999998,0.5295121669769287,11519,0.33158421516418457,11519.0,0.037877798080444336,
jobrange.359,2,3,460455.0000000001,0.7100734710693359,252200.00000000006,0.2912566661834717,252200,0.36337900161743164,252200.0,0.12407755851745605,
jobrange.360,2,3,787050.0000000023,0.8190674781799316,533774.0000000006,0.39142799377441406,533774,0.4108407497406006,533774.0,0.0863807201385498,
jobrange.361,2,3,311804.8264439625,2.953249931335449,17410.000000000007,0.522636890411377,17410,0.32448887825012207,17410.0,0.03181290626525879,
jobrange.362,2,3,616599.0000000006,0.9520704746246338,389742.9999999999,0.28400540351867676,389743,0.33060550689697266,389743.0,0.07308030128479004,
jobrange.363,2,3,943.9999999999997,2.943347930908203,8.0,0.5214142799377441,8,0.32152724266052246,8.0,0.0494384765625,
jobrange.364,2,3,1740.9999999999995,7.695890188217163,17.999999999999996,1.0743637084960938,18,0.7183985710144043,18.0,0.05849170684814453,
jobrange.365,2,3,65127.08639662254,0.20067429542541504,298.0000000000001,0.019258737564086914,298,0.012627124786376953,298.0,0.09074115753173828,
jobrange.366,2,3,4418953.803108048,2.9708690643310547,425034.99999999994,0.5459296703338623,425035,0.34981656074523926,425035.0,0.059484004974365234,
jobrange.367,2,3,1970850.1061690024,2.9009931087493896,122817.00000000006,0.5322577953338623,122817,0.3314805030822754,122817.0,0.03442215919494629,
jobrange.368,2,3,219349.8785451741,7.582483530044556,5809.999999999999,1.080845594406128,5810,0.7154831886291504,5810.0,0.06067395210266113,
jobrange.369,2,3,135.0,0.8483209609985352,3.0,0.22658205032348633,3,0.15444326400756836,3.0,0.06406593322753906,
jobrange.370,2,3,1705.843084456645,0.7387893199920654,17.999999999999996,0.2386927604675293,18,0.16889500617980957,18.0,0.06372928619384766,
jobrange.371,2,3,1740.9999999999995,7.759654998779297,70.0,1.0779917240142822,70,0.7209935188293457,70.0,0.07394886016845703,
jobrange.372,2,3,6678.651718071749,0.5111711025238037,11.0,0.1073465347290039,11,0.0754709243774414,11.0,0.11445188522338867,
jobrange.373,2,3,3127.9183204258497,0.4723985195159912,48.0,0.10587310791015625,48,0.07609915733337402,48.0,0.042566776275634766,
jobrange.374,2,3,10970.052219185294,0.972031831741333,55.000000000000014,0.1525726318359375,55,0.11385583877563477,55.0,0.0768270492553711,
jobrange.375,2,3,116700.0000000001,0.7330594062805176,50482.999999999985,0.18003416061401367,50483,0.21021556854248047,50483.0,0.12463617324829102,
jobrange.376,2,3,2250833.627875653,1.5181097984313965,282500.9999999999,0.2803823947906494,282501,0.1955246925354004,282501.0,0.0943450927734375,
jobrange.377,2,3,609.9999999999999,1.8359248638153076,7.0,0.3907437324523926,7,0.24495816230773926,7.0,0.03650212287902832,
jobrange.378,2,3,177473.7973678651,7.721060514450073,3927.999999999998,1.0756275653839111,3928,0.7344725131988525,3928.0,0.043399810791015625,
jobrange.379,2,3,276394.9999999998,0.5424396991729736,91712.99999999996,0.15027499198913574,91713,0.17098546028137207,91713.0,0.06173110008239746,
jobrange.380,2,3,121094.50978567275,7.702882528305054,3077.0,1.077146291732788,3077,0.7191040515899658,3077.0,0.036026716232299805,
jobrange.381,2,3,11607369.710400738,2.9980812072753906,3691976.9999999995,0.6481587886810303,3691977,0.4781789779663086,3691977.0,0.11504149436950684,
jobrange.382,2,3,1815.1861895652298,1.3573217391967773,4.0,0.1825563907623291,4,0.13656926155090332,4.0,0.0912621021270752,
jobrange.383,2,3,1729.0000024736937,1.0702259540557861,4.999999999999999,0.2639608383178711,5,0.1787121295928955,5.0,0.04069375991821289,
jobrange.384,2,3,4322871.999999997,0.9748599529266357,724755.0000000007,0.2320547103881836,724755,0.20778322219848633,724755.0,0.06191587448120117,
jobrange.385,2,3,5049465.999999984,1.4778120517730713,1453568.0000000012,0.30388593673706055,1453568,0.2740006446838379,1453568.0,0.12570714950561523,
jobrange.386,3,4,546637.8111535006,0.7055840492248535,101517.99999999993,0.2519416809082031,16290,0.20406246185302734,16453.0,0.10989928245544434,
jobrange.387,3,4,79296.00000000004,3.34885573387146,66.0,0.7458436489105225,24,0.42249584197998047,66.0,0.04793977737426758,
jobrange.388,3,4,1432682.3628448641,0.7783162593841553,143782.02024026559,0.2789437770843506,20943,0.20990872383117676,20998.0,0.0778043270111084,
jobrange.389,3,4,13779337.86541965,2.95029616355896,1442501.5568676745,0.6909499168395996,21295,0.4090709686279297,61236.0,0.049165964126586914,
jobrange.390,3,4,97709200.32125245,8.094365119934082,46132742.38378221,1.3475103378295898,2121220,0.922600507736206,6513655.0,0.15633583068847656,
jobrange.391,3,4,6097930.725643287,1.2845425605773926,2439131.0,0.6224558353424072,1111849,0.6130416393280029,1183124.0,0.07875180244445801,
jobrange.392,3,4,118748.43415314962,1.1136705875396729,880.0000000000013,0.4926140308380127,34,0.30007171630859375,37.0,0.059804677963256836,
jobrange.393,3,4,8854601.666980004,0.9671781063079834,1865512.0957763812,0.43503642082214355,58313,0.31688857078552246,90738.0,0.06459999084472656,
jobrange.394,3,4,789525.9689449158,0.49201512336730957,183337.41590788873,0.2535233497619629,6584,0.1650557518005371,6597.0,0.13943266868591309,
jobrange.395,3,4,479845.4292521809,0.36809659004211426,27045.666127264798,0.156691312789917,2886,0.11941385269165039,2914.0,0.08374285697937012,
jobrange.396,3,4,3414.7670810511063,0.6170804500579834,4.999999999999999,0.22665190696716309,4,0.13526034355163574,4.0,0.04532766342163086,
jobrange.397,3,4,2630398.619443037,0.7706954479217529,754222.8536335963,0.2939765453338623,22706,0.23710393905639648,24827.0,0.0533909797668457,
jobrange.398,3,4,134094669.82007833,8.088972330093384,37791733.77214086,1.3672986030578613,1211360,0.9140667915344238,3417809.0,0.1274251937866211,
jobrange.399,3,4,1353271.0487489176,0.5953047275543213,391787.00000000023,0.2962229251861572,26583,0.24657511711120605,26948.0,0.1015920639038086,
jobrange.400,3,4,13692637.723678393,2.1905100345611572,4208312.394249531,0.6085224151611328,165753,0.38510847091674805,280606.0,0.057460784912109375,
jobrange.401,3,4,17308811.655224722,1.2141435146331787,5805111.000000003,0.4361882209777832,844086,0.43758463859558105,2351354.0,0.08393716812133789,
jobrange.402,3,4,138812.29414574485,1.9858062267303467,132.0,0.5527114868164062,25,0.324709415435791,60.0,0.047566890716552734,
jobrange.403,3,4,27269401.330041934,1.273798942565918,7807577.489631542,0.34357309341430664,149912,0.2612488269805908,643807.0,0.0775599479675293,
jobrange.404,3,4,293718.62498391035,1.2531602382659912,75.99999999999999,0.36289429664611816,17,0.23505902290344238,17.0,0.0729990005493164,
jobrange.405,3,4,21231419.785736524,1.837709665298462,4052004.943817755,0.5662922859191895,74568,0.35387754440307617,198053.0,0.07767105102539062,
jobrange.406,3,4,9545683.656008137,1.3722498416900635,3756481.000000004,0.49256420135498047,152288,0.3517642021179199,244283.0,0.09831070899963379,
jobrange.407,3,4,13252734.667956762,1.060154914855957,364648.6485757364,0.3272838592529297,3002,0.22334837913513184,4021.0,0.08097195625305176,
jobrange.408,3,4,842127.983886184,7.798743486404419,779.9999999999999,1.2644283771514893,103,0.807384729385376,373.0,0.06647968292236328,
jobrange.409,3,4,383521.31533088884,3.0539402961730957,1709.9999999999986,0.6884987354278564,92,0.409393310546875,976.0,0.04818320274353027,
jobrange.410,3,4,937967.1491884945,0.47676610946655273,25450.950489342387,0.21705865859985352,1125,0.13621020317077637,1543.0,0.07383155822753906,
jobrange.411,3,4,21206329.032976553,1.264617681503296,2388926.0023152754,0.2636749744415283,49306,0.19728612899780273,138608.0,0.12221121788024902,
jobrange.412,3,4,51294598.74403934,7.6837451457977295,1654386.4455776329,1.2489519119262695,51464,0.8059005737304688,74384.0,0.04823708534240723,
jobrange.413,3,4,6240022.933183476,1.3859615325927734,42864.00000000005,0.41841745376586914,850,0.27046918869018555,2634.0,0.04639291763305664,
jobrange.414,3,4,15038876.369466642,1.1213643550872803,3914360.8937216685,0.4396207332611084,53254,0.3399937152862549,88508.0,0.07513046264648438,
jobrange.415,3,4,139581102.43827596,8.246089696884155,59557554.28825462,1.4125654697418213,2755859,1.0129480361938477,7554210.0,0.1541306972503662,
jobrange.416,3,4,2469254.270713199,1.4700124263763428,14699.999999999996,0.34407901763916016,174,0.2195587158203125,180.0,0.08258271217346191,
jobrange.417,3,4,27269401.330041934,1.4224510192871094,11921749.999999994,0.5232381820678711,841806,0.6301307678222656,3009286.0,0.12033605575561523,
jobrange.418,3,4,38111592.875855386,2.9868886470794678,9338823.499528592,0.7115201950073242,199563,0.4598362445831299,580911.0,0.08370208740234375,
jobrange.419,3,4,38111592.875855386,3.11617374420166,15325479.010613889,0.7264525890350342,439869,0.482105016708374,1153593.0,0.07641816139221191,
jobrange.420,3,4,42679179.93809821,8.013524532318115,2859256.441011157,1.3300752639770508,37970,0.857560396194458,144301.0,0.08178353309631348,
jobrange.421,3,4,11576886.191477086,1.2667758464813232,1604006.370807824,0.3721942901611328,51429,0.25211381912231445,94203.0,0.0548093318939209,
jobrange.422,3,4,27269401.330041934,1.42936110496521,11921749.999999994,0.4544651508331299,907617,0.47123003005981445,7182827.0,0.12668251991271973,
jobrange.423,3,4,3091530.7895332607,8.145540952682495,9779.999999999993,1.2735016345977783,292,0.8202893733978271,292.0,0.04140210151672363,
jobrange.424,3,4,94577014.23263231,7.991070508956909,27227999.93540982,1.2954070568084717,1058174,0.8804271221160889,3473494.0,0.11237764358520508,
jobrange.425,3,4,97709200.32125245,7.957059144973755,47451624.999999955,1.3004586696624756,2744876,0.9255900382995605,13621307.0,0.155839204788208,
jobrange.426,3,4,9545683.656008137,1.2161107063293457,3756481.000000004,0.5178103446960449,256974,0.40717363357543945,441519.0,0.04996466636657715,
jobrange.427,3,4,541868.3070229253,0.5797088146209717,25531.296546640744,0.19111943244934082,443,0.129547119140625,541.0,0.06428289413452148,
jobrange.428,3,4,34220866.14973095,3.1496400833129883,5712413.236507846,0.7061080932617188,96858,0.4356238842010498,366335.0,0.07001781463623047,
jobrange.429,3,4,12431832.894978791,1.2666032314300537,625173.7768032707,0.5239894390106201,2141,0.3164224624633789,4621.0,0.06016898155212402,
jobrange.430,3,4,14301.53388374741,0.6844563484191895,242.99999999999991,0.23042035102844238,12,0.14957237243652344,12.0,0.0879523754119873,
jobrange.431,3,4,5858520.109491651,1.2028160095214844,2113432.000000001,0.4975759983062744,293999,0.401625394821167,385634.0,0.07734894752502441,
jobrange.432,3,4,2367065.153240481,1.2838959693908691,76973.22312936798,0.3674290180206299,965,0.23974108695983887,1717.0,0.05336356163024902,
jobrange.433,3,4,2439249.5105726663,3.1630289554595947,68219.99999999999,0.7270336151123047,613,0.43695998191833496,1460.0,0.052359580993652344,
jobrange.434,3,4,31761635.271378584,7.801750421524048,3658720.7605225113,1.3174159526824951,78108,0.8296115398406982,161853.0,0.08192801475524902,
jobrange.435,3,4,38111592.875855386,3.3151774406433105,16398833.999999989,0.8200922012329102,2320838,0.677849292755127,9579746.0,0.11956667900085449,
jobrange.436,3,4,54526060.22080516,7.835912227630615,13035698.49362312,1.321009874343872,563481,0.9452061653137207,1034741.0,0.07103633880615234,
jobrange.437,3,4,467929.43008585746,0.5951035022735596,16141.728432829363,0.3405187129974365,351,0.2118384838104248,351.0,0.04564833641052246,
jobrange.438,3,4,16142561.963541716,1.2676589488983154,655802.872865419,0.3342149257659912,10909,0.23791980743408203,66067.0,0.05847430229187012,
jobrange.439,3,4,48967277.003892735,3.343376874923706,15492544.364031838,0.7984769344329834,407588,0.4936079978942871,1058504.0,0.07388830184936523,
jobrange.440,3,4,1876574.1420713852,0.724066972732544,299440.993604355,0.29114794731140137,23740,0.18857550621032715,25937.0,0.04831218719482422,
jobrange.441,4,5,778608.3324495478,0.6789915561676025,44676.23064540938,0.358536958694458,3236,0.23095059394836426,3240.0,0.07962584495544434,
jobrange.442,4,5,15221186.354655664,2.2905313968658447,76320.00000000003,1.0648150444030762,145,0.5458414554595947,924.0,0.04770636558532715,
jobrange.443,4,5,8178.000000000005,0.6869313716888428,264.00000000000017,0.33266758918762207,49,0.19159913063049316,264.0,0.05454373359680176,
jobrange.444,4,5,59149637.86265724,2.1744441986083984,45389532.999999985,1.0446953773498535,2208208,0.8466799259185791,17672797.0,0.13661766052246094,
jobrange.445,4,5,59149637.86265724,2.1706197261810303,39031655.39733169,1.0399775505065918,661438,0.6619265079498291,7015365.0,0.09577655792236328,
jobrange.446,4,5,2540914.052239236,0.5403237342834473,46006.61204402074,0.2483043670654297,1265,0.1560056209564209,10459.0,0.07795858383178711,
jobrange.447,4,5,59149637.86265724,2.532095432281494,45389532.999999985,1.0691266059875488,2255798,0.7894902229309082,21164263.0,0.12368512153625488,
jobrange.448,4,5,84497382.38108096,2.247117280960083,55088463.92058686,1.111839771270752,683557,0.6966171264648438,7225564.0,0.08597755432128906,
jobrange.449,4,5,106153.54158973986,1.0831408500671387,3239.9999999999977,0.6944141387939453,97,0.33875417709350586,1495.0,0.055297136306762695,
jobrange.450,4,5,53116547.18905313,0.842139482498169,17481193.54714952,0.48787856101989746,99769,0.5706393718719482,724755.0,0.09306478500366211,
jobrange.451,4,5,113792.17783340141,0.5958421230316162,12785.999999999998,0.29087305068969727,1414,0.20957136154174805,1797.0,0.07966017723083496,
jobrange.452,4,5,5502000.145389862,0.6272451877593994,1938316.1986460963,0.3080925941467285,64451,0.24868059158325195,426580.0,0.08628177642822266,
jobrange.453,4,5,8950271.75610786,0.9379253387451172,5219857.000000005,0.6543076038360596,896885,0.8089694976806641,2918466.0,0.13927555084228516,
jobrange.454,4,5,259030.65016049717,0.5086863040924072,107380.00000000004,0.3294074535369873,19982,0.39969778060913086,37563.0,0.0612797737121582,
jobrange.455,4,5,14930788.074384974,1.4007763862609863,10904320.999999989,0.9351677894592285,1267231,0.8457179069519043,8123049.0,0.13668417930603027,
jobrange.456,4,5,17927774.39874974,0.4413893222808838,1000214.2795761524,0.2767796516418457,7863,0.16423320770263672,188644.0,0.05503225326538086,
jobrange.457,4,5,24567905.522437666,2.2131803035736084,4225970.167615596,0.9834396839141846,70629,0.5329358577728271,155897.0,0.070556640625,
jobrange.458,4,5,8260537.33262912,0.6265683174133301,212316.33917376254,0.30990099906921387,1583,0.18701457977294922,13146.0,0.05767107009887695,
jobrange.459,4,5,4481943.599687435,0.5651047229766846,2504508.0000000033,0.38510560989379883,299609,0.545074462890625,2500461.0,0.11863827705383301,
jobrange.460,4,5,992812.5503149481,1.0800156593322754,484542.9999999986,0.5365543365478516,71272,0.8459868431091309,272412.0,0.14736628532409668,
jobrange.461,4,5,55485.932219153634,0.9340436458587646,164.0,0.4568502902984619,21,0.278486967086792,57.0,0.04366111755371094,
jobrange.462,4,5,44841308.20925467,2.1871585845947266,4562969.6251051165,0.9380674362182617,34019,0.5152943134307861,389537.0,0.06975483894348145,
jobrange.463,4,5,336993.49107999715,0.6075966358184814,53120.09444526056,0.30831241607666016,1785,0.19221019744873047,1785.0,0.07525277137756348,
jobrange.464,4,5,5502000.145389862,0.5777201652526855,1145414.9321624376,0.28188443183898926,34150,0.20141363143920898,227543.0,0.06602716445922852,
jobrange.465,4,5,2649594.1445830334,0.5583834648132324,10710.000000000002,0.25775146484375,204,0.15892958641052246,2894.0,0.058977603912353516,
jobrange.466,4,5,234864.00000000012,2.253048896789551,1443.9999999999995,0.9663658142089844,364,0.5164322853088379,1444.0,0.07663130760192871,
jobrange.467,4,5,5120216.345889117,1.126894474029541,3940119.9999999977,0.7920870780944824,788129,1.6174354553222656,3880964.0,0.16568732261657715,
jobrange.468,4,5,84497382.38108096,2.7882769107818604,49269133.435426176,1.091881513595581,754355,0.7049329280853271,6228934.0,0.1107628345489502,
jobrange.469,4,5,2834856.3731192015,0.693472146987915,1096076.0,0.36863255500793457,115333,0.30662012100219727,210352.0,0.07570004463195801,
jobrange.470,4,5,782359.4674760253,0.7012283802032471,28857.99999999999,0.3390474319458008,430,0.1945936679840088,19677.0,0.06498122215270996,
jobrange.471,4,5,8125410.849911909,0.5666279792785645,2246804.000000001,0.44552183151245117,119156,0.46854472160339355,1119455.0,0.1278238296508789,
jobrange.472,4,5,31254663.370455045,2.5576465129852295,514800.0,0.9465641975402832,673,0.5145206451416016,12336.0,0.04931974411010742,
jobrange.473,4,5,3874425.6489299736,0.6125037670135498,12463.999999999998,0.27843594551086426,99,0.1695706844329834,3936.0,0.04289102554321289,
jobrange.474,4,5,65878213.475435086,2.3288381099700928,6525794.988551137,1.0273809432983398,64713,0.5570979118347168,522995.0,0.08052587509155273,
jobrange.475,4,5,627469.2151373493,1.2560396194458008,13859.999999999998,0.8375353813171387,115,0.3308722972869873,624.0,0.06850767135620117,
jobrange.476,4,5,3333800.8948863433,0.8967032432556152,232920.8213038675,0.4753072261810303,9812,0.3173866271972656,30464.0,0.09794926643371582,
jobrange.477,4,5,503470.21913915337,2.755540609359741,616.0000000000002,0.9658095836639404,143,0.5156540870666504,560.0,0.064544677734375,
jobrange.478,4,5,9451508.603436805,0.9372472763061523,5129750.188477454,0.5236434936523438,282409,0.477205753326416,757448.0,0.1363234519958496,
jobrange.479,4,5,3855155.099408922,2.828732967376709,47143.99999999994,1.024357795715332,296,0.5461218357086182,1744.0,0.058120012283325195,
jobrange.480,4,5,653493.0347351037,0.8250641822814941,117018.98351988381,0.4724149703979492,7912,0.26160144805908203,10907.0,0.06730842590332031,
jobrange.481,4,5,45097875.01131928,2.8010575771331787,2189103.5632885466,1.1155836582183838,18369,0.7147266864776611,66267.0,0.08481788635253906,
jobrange.482,4,5,37544276.41620356,2.5532991886138916,18761583.999999985,1.100888729095459,1730801,0.8837649822235107,2467053.0,0.11231446266174316,
jobrange.483,4,5,3034929.4373360067,0.5498473644256592,15749.999999999993,0.25704479217529297,299,0.1592395305633545,2002.0,0.053560495376586914,
jobrange.484,4,5,1740084.9357252058,1.033128023147583,899054.0000000031,0.5874266624450684,378594,0.9552092552185059,463895.0,0.11174368858337402,
jobrange.485,4,5,26693193.2728282,0.8110296726226807,2633813.319968294,0.4080064296722412,35247,0.261735200881958,438641.0,0.07929444313049316,
jobrange.486,4,5,3310869.8646099395,0.8242900371551514,7520.000000000007,0.4278395175933838,104,0.24258971214294434,1176.0,0.03820371627807617,
jobrange.487,4,5,272040.57752306404,1.0703437328338623,1800.0000000000005,0.6726117134094238,48,0.32578539848327637,176.0,0.05989384651184082,
jobrange.488,4,5,155001.53985140956,0.785851240158081,1511.9999999999993,0.344757080078125,80,0.1980741024017334,1400.0,0.0655367374420166,
jobrange.489,4,5,101059.94649637351,0.3824582099914551,359.9999999999998,0.23760032653808594,27,0.14258122444152832,42.0,0.06123971939086914,
jobrange.490,4,5,50623464.332019575,2.0031285285949707,8057492.874057618,0.9375128746032715,98937,0.514063835144043,1178552.0,0.0849461555480957,
jobrange.491,4,5,4481943.599687435,0.7288448810577393,2504508.0000000033,0.3570694923400879,275335,0.5085747241973877,2290527.0,0.10674047470092773,
jobrange.492,4,5,3689180.054141404,1.079371690750122,196420.2929553519,0.6734178066253662,3590,0.3307809829711914,28070.0,0.06622982025146484,
jobrange.493,4,5,3217573.063041484,0.8194046020507812,6623.999999999995,0.42734766006469727,56,0.2451307773590088,204.0,0.04229021072387695,
jobrange.494,4,5,445640.2516916435,0.6315062046051025,28359.99999999999,0.4268629550933838,2750,0.5771355628967285,6359.0,0.1422593593597412,
jobrange.495,4,5,32758804.38995433,1.3091959953308105,1662248.717859598,0.7800793647766113,2616,0.3895394802093506,18660.0,0.0802156925201416,
jobrange.496,4,5,45.002674328838474,0.41301536560058594,4.0,0.34380221366882324,0,0.33580780029296875,0.0,0.07204604148864746,
jobrange.497,4,5,44050.74977987854,0.3539924621582031,39.00000000000001,0.03276681900024414,12,0.020805835723876953,12.0,0.041281700134277344,
jobrange.498,4,5,28693382.76465985,0.9020469188690186,1575778.9578512546,0.4853627681732178,42215,0.36385464668273926,261428.0,0.08305025100708008,
jobrange.499,4,5,1261.714247612497,0.4219996929168701,54.782764361766475,0.19013476371765137,3,0.10463857650756836,3.0,0.05950665473937988,
jobrange.500,4,5,24272.468679201218,0.8982639312744141,614.9999999999998,0.48693299293518066,61,0.24663162231445312,61.0,0.0645456314086914,
jobrange.501,4,5,310.4523572489392,0.20064830780029297,14.0,0.12431883811950684,0,0.08332157135009766,0.0,0.056732177734375,
jobrange.502,4,5,548073.7756765231,1.9545586109161377,5591.999999999998,0.7482953071594238,53,0.4164872169494629,53.0,0.053018808364868164,
jobrange.503,4,5,37683.30024374489,1.112670660018921,5323.000000000005,0.6200618743896484,1275,0.4647862911224365,1275.0,0.08518433570861816,
jobrange.504,4,5,4934.291489408169,0.420177698135376,170.0,0.12517166137695312,38,0.08616280555725098,38.0,0.0662846565246582,
jobrange.505,4,5,253246157.22194865,2.566927194595337,22638835.885646336,0.9364550113677979,58349,0.5202269554138184,2430818.0,0.08804965019226074,
jobrange.506,4,5,7198482.129671476,2.359553575515747,1290280.0000000012,0.969426155090332,146914,0.9831290245056152,434201.0,0.09783697128295898,
jobrange.507,4,5,30451480.12143411,0.8742871284484863,13013773.99999998,0.513404369354248,2389129,0.6509125232696533,11122316.0,0.11717629432678223,
jobrange.508,4,5,49902864.62062821,0.9355225563049316,20304363.99999998,0.7612059116363525,987527,0.6881899833679199,3968450.0,0.1332242488861084,
jobrange.509,4,5,8709432.963706346,2.7083194255828857,142912.00000000012,0.9349243640899658,763,0.5181365013122559,36769.0,0.057938337326049805,
jobrange.510,4,5,76428.0048426256,0.6467311382293701,4851.365478786205,0.28536295890808105,228,0.19078445434570312,336.0,0.045792341232299805,
jobrange.511,4,5,446896.7829865711,0.5410008430480957,50681.70078635554,0.21812009811401367,4097,0.17772626876831055,10909.0,0.04676032066345215,
jobrange.512,4,5,127219.29236903682,2.2731170654296875,6245.999999999997,0.7565200328826904,443,0.4300377368927002,443.0,0.05838131904602051,
jobrange.513,4,5,649789.9052406945,2.2494924068450928,47616.99999999996,0.9925627708435059,8890,0.6971409320831299,8910.0,0.07059311866760254,
jobrange.514,4,5,3576.0765247294808,0.4763481616973877,671.9999999999998,0.26652979850769043,50,0.4136331081390381,132.0,0.0801999568939209,
jobrange.515,4,5,30451480.12143411,0.7267231941223145,2581587.393006806,0.3787875175476074,82883,0.27956485748291016,372329.0,0.08257126808166504,
jobrange.516,4,5,360492972.634696,2.330226182937622,222180018.99999994,1.0682170391082764,5657172,0.8903048038482666,192659499.0,0.32082462310791016,
jobrange.517,4,5,29214.59547582095,1.9291386604309082,937.9999999999995,0.7489807605743408,79,0.4189026355743408,79.0,0.047120094299316406,
jobrange.518,4,5,1102678.8119107792,0.4197545051574707,11999.999999999998,0.14850497245788574,61,0.0852963924407959,159.0,0.059511661529541016,
jobrange.519,4,5,984.0,1.0910992622375488,33.99999999999999,0.5993821620941162,30,0.3255133628845215,30.0,0.0728921890258789,
jobrange.520,4,5,54109.45351307434,1.0517947673797607,7280.999999999998,0.7406778335571289,5036,0.5003533363342285,5036.0,0.07965755462646484,
jobrange.521,4,5,287317.4845219133,0.42052721977233887,32567.999999999967,0.24555563926696777,8921,0.416301965713501,26352.0,0.05816984176635742,
jobrange.522,4,5,32868.5036365662,0.40143299102783203,2747.999999999999,0.24991130828857422,2343,0.417233943939209,2345.0,0.08514237403869629,
jobrange.523,4,5,360492972.634696,2.6582846641540527,222180018.99999994,1.0608787536621094,4282025,0.8317387104034424,163922125.0,0.28354859352111816,
jobrange.524,4,5,1053620.9212223939,0.9545834064483643,15137.999999999993,0.5006506443023682,458,0.27925634384155273,472.0,0.03951096534729004,
jobrange.525,4,5,276256.92168770276,0.36705517768859863,611.9999999999998,0.10020899772644043,30,0.08107686042785645,30.0,0.05648684501647949,
jobrange.526,4,5,2669658.834832637,2.013822555541992,270186.9999999998,0.775585412979126,8668,0.4566051959991455,8668.0,0.05835080146789551,
jobrange.527,4,5,59049.18014114199,1.949540615081787,1848.0000000000007,0.7551319599151611,1402,0.4195413589477539,1402.0,0.05727887153625488,
jobrange.528,4,5,632596895.3544376,2.8790695667266846,36259276.68218882,0.9527976512908936,20332,0.5304436683654785,2475903.0,0.0759286880493164,
jobrange.529,4,5,15116881.789224798,2.099531888961792,2939380.000000001,0.8500065803527832,322585,0.6480123996734619,932923.0,0.06577706336975098,
jobrange.530,4,5,113550.75134311098,1.899869441986084,5794.000000000001,0.8449642658233643,4917,0.6782889366149902,4917.0,0.06896734237670898,
jobrange.531,4,5,8277.17473475968,0.321530818939209,40.00000000000001,0.07751703262329102,15,0.05222582817077637,15.0,0.055469512939453125,
jobrange.532,4,5,224900.19451970255,0.4844543933868408,15936.000000000005,0.180739164352417,7000,0.26941609382629395,7000.0,0.0841064453125,
jobrange.533,4,5,35346899.954754524,0.9472694396972656,13723031.997855306,0.4262881278991699,562658,0.3540024757385254,2010266.0,0.08843231201171875,
jobrange.534,4,5,231981.39843646606,1.9632575511932373,2232.999999999999,0.7451353073120117,55,0.4160919189453125,55.0,0.07855057716369629,
jobrange.535,4,5,26368163.23320552,0.7386355400085449,12454182.999999989,0.3863856792449951,1123680,0.5504336357116699,11806176.0,0.0985422134399414,
jobrange.536,4,5,15337662.980615234,2.861870288848877,106800.00000000022,0.9689605236053467,444,0.5323143005371094,102168.0,0.049870967864990234,
jobrange.537,4,5,602402.1713958363,1.9884493350982666,102355.99999999987,0.7791638374328613,12894,0.4847092628479004,12894.0,0.06721377372741699,
jobrange.538,4,5,79587.53397988896,0.4179105758666992,3147.0000000000005,0.17839455604553223,22,0.1073155403137207,22.0,0.07252168655395508,
jobrange.539,4,5,23968.13801709322,0.4102473258972168,209.99999999999997,0.12293505668640137,86,0.08437275886535645,86.0,0.060006141662597656,
jobrange.540,4,5,18824.56233698949,0.22516918182373047,1956.9999999999975,0.10366463661193848,163,0.08429598808288574,163.0,0.06434297561645508,
jobrange.541,4,5,164908.65448020378,1.2939550876617432,34231.999999999956,0.8263113498687744,2184,0.8905797004699707,5542.0,0.08039355278015137,
jobrange.542,4,5,246.0,1.0447578430175781,16.999999999999996,0.5762364864349365,17,0.24201107025146484,17.0,0.06736302375793457,
jobrange.543,4,5,14955.39492408345,0.8853697776794434,3404.0000000000055,0.40101075172424316,784,0.48386120796203613,784.0,0.08464860916137695,
jobrange.544,4,5,9380.107947756784,0.49177050590515137,220.00000000000006,0.1580638885498047,57,0.10726523399353027,165.0,0.051573991775512695,
jobrange.545,4,5,256895.87443760404,2.1980106830596924,1028.0000000000005,0.7708384990692139,41,0.4282224178314209,117.0,0.05593466758728027,
jobrange.546,4,5,28642.08745289846,0.20941543579101562,827.9999999999994,0.09484052658081055,9,0.07559633255004883,21.0,0.03594660758972168,
jobrange.547,4,5,1938.8101186922736,1.1177053451538086,49.999999999999986,0.5540790557861328,46,0.3205597400665283,46.0,0.07704710960388184,
jobrange.548,4,5,18649.869096052353,0.6690933704376221,1303.6246534349593,0.26184940338134766,212,0.21281695365905762,212.0,0.06940555572509766,
jobrange.549,4,5,252955592.77148816,2.7643883228302,13862210.298745213,0.9501955509185791,17389,0.5345888137817383,561193.0,0.06616878509521484,
jobrange.550,4,5,353.47553434357803,0.31528210639953613,1.0,0.0709388256072998,0,0.04931831359863281,0.0,0.05060243606567383,
jobrange.551,4,5,29191381.547904175,2.067917585372925,2278532.749357581,0.8178536891937256,2422,0.4629647731781006,49567.0,0.056426286697387695,
jobrange.552,4,5,132551509.17735264,0.826758861541748,23300983.03589492,0.4680631160736084,60090,0.27868008613586426,1870728.0,0.05166339874267578,
jobrange.553,4,5,185848.36913940797,0.48687076568603516,14671.089071096983,0.21181416511535645,113,0.12842273712158203,1383.0,0.053125858306884766,
jobrange.554,4,5,2294193.2048399094,2.229257822036743,30012.000000000044,0.903693437576294,358,0.49935078620910645,11628.0,0.04918360710144043,
jobrange.555,4,5,10220156999.963945,2.5633785724639893,4855376694.5989895,1.1081976890563965,289843,0.7095603942871094,237390342.0,0.4383106231689453,
jobrange.556,4,5,220088.88331623055,0.82694411277771,29289.522907562376,0.3704104423522949,472,0.49586987495422363,2623.0,0.06280040740966797,
jobrange.557,4,5,1274006737.6472301,1.376645565032959,334607757.1602645,0.764373779296875,62218,0.4068758487701416,8430034.0,0.06793975830078125,
jobrange.558,4,5,180301974.42529374,1.1905674934387207,114043167.38932651,0.6037440299987793,2127634,0.6607105731964111,27268168.0,0.14759373664855957,
jobrange.559,4,5,2031031.6609366923,0.47492337226867676,56519.999999999935,0.17795228958129883,190,0.11193585395812988,6364.0,0.04385113716125488,
jobrange.560,4,5,2377208.486603382,1.1304075717926025,510995.644540093,0.7373495101928711,1699,0.5584895610809326,16568.0,0.06267738342285156,
jobrange.561,4,5,1927509.5538379082,1.518794059753418,574162.1560127093,1.0747554302215576,15418,1.7572576999664307,207690.0,0.06280946731567383,
jobrange.562,4,5,146898.84109016976,0.44289326667785645,5400.000000000001,0.1827855110168457,32,0.1271963119506836,230.0,0.05149030685424805,
jobrange.563,4,5,167040679.0754631,1.0751087665557861,26328439.287960377,0.5569424629211426,28264,0.31736278533935547,482765.0,0.056116580963134766,
jobrange.564,4,5,768636374.2581626,2.877490758895874,15923622.000000017,1.0678951740264893,1128,0.5692989826202393,3410311.0,0.0661931037902832,
jobrange.565,4,5,27115185.909333,2.1069819927215576,15959014.744017009,1.0137264728546143,768469,0.9034364223480225,2275134.0,0.11904001235961914,
jobrange.566,4,5,2640412.022306123,2.3418354988098145,21995.000000000022,0.8246262073516846,200,0.46211814880371094,5940.0,0.047925710678100586,
jobrange.567,4,5,242869.3413222806,0.367412805557251,34203.96793345088,0.21882987022399902,4661,0.2914698123931885,9980.0,0.08175516128540039,
jobrange.568,4,5,757460.643112027,0.7060518264770508,9212.000000000007,0.31534886360168457,84,0.1934959888458252,1786.0,0.04672837257385254,
jobrange.569,4,5,25293200.464910597,2.603182315826416,5418013.951823934,1.2972421646118164,86559,1.802945852279663,1460551.0,0.14053606986999512,
jobrange.570,4,5,1411261.9496034093,0.5231411457061768,57959.99999999999,0.225144624710083,69,0.14838099479675293,417.0,0.0436398983001709,
jobrange.571,4,5,262823.99999999994,2.2634246349334717,3885.000000000005,0.9145946502685547,205,0.5114202499389648,3885.0,0.04976606369018555,
jobrange.572,4,5,6196979.37723003,2.473879814147949,384856.2635602255,0.8520290851593018,338,0.47078514099121094,587.0,0.0587766170501709,
jobrange.573,4,5,873998.9080373199,1.024702787399292,88200.00000000009,0.6280395984649658,1417,1.4233391284942627,28588.0,0.06794953346252441,
jobrange.574,4,5,620095.4026980594,2.0555899143218994,7496.999999999994,0.8147335052490234,370,0.4559662342071533,7350.0,0.053351640701293945,
jobrange.575,4,5,5948968.281279533,0.4539914131164551,69749.99999999997,0.1831984519958496,77,0.1147451400756836,1440.0,0.04607081413269043,
jobrange.576,4,5,25588082.831850264,2.2638516426086426,10646459.899487698,0.963043212890625,251060,0.7799179553985596,866019.0,0.08142828941345215,
jobrange.577,4,5,77065187.77504683,1.0969102382659912,36285371.474194735,0.49535298347473145,209011,0.5359077453613281,8144875.0,0.10127663612365723,
jobrange.578,4,5,509779.779857421,0.4659848213195801,47341.15701908007,0.18247151374816895,219,0.1494297981262207,2480.0,0.0602266788482666,
jobrange.579,4,5,2382389.864049449,0.686229944229126,78119.99999999991,0.24924945831298828,7,0.25438833236694336,12.0,0.07983088493347168,
jobrange.580,4,5,1937821309.4289958,2.9303832054138184,121383360.00000003,1.0648715496063232,2620,0.5776476860046387,124821.0,0.05252194404602051,
jobrange.581,4,5,972279380.8446608,0.9861161708831787,40049639.99999982,0.4419674873352051,8906,0.2633647918701172,553634.0,0.058448076248168945,
jobrange.582,4,5,132592.6064569811,0.4434046745300293,24.0,0.15410590171813965,11,0.10254192352294922,20.0,0.0433201789855957,
jobrange.583,4,5,7609.046810097945,0.8819622993469238,1180.0000000000005,0.40161895751953125,55,0.36897993087768555,495.0,0.06652021408081055,
jobrange.584,4,5,663949.8955974631,1.0085957050323486,22139.999999999985,0.5845308303833008,145,0.3067915439605713,2175.0,0.04921674728393555,
jobrange.585,4,5,852806476.4229982,0.6558735370635986,40605795.64303438,0.3629617691040039,10968,0.22831130027770996,276725.0,0.061609506607055664,
jobrange.586,4,5,3644548.636073915,0.4894711971282959,859860.9910909096,0.20729494094848633,3179,0.16103053092956543,31186.0,0.051635026931762695,
jobrange.587,4,5,758615.1468835017,1.0994455814361572,143722.24453335308,0.639573335647583,2413,0.38848185539245605,10127.0,0.05691027641296387,
jobrange.588,4,5,1274006737.6472301,1.410848617553711,962232452.4411225,0.8011174201965332,468835,0.4883410930633545,18811070.0,0.1243131160736084,
jobrange.589,4,5,898731.8674058651,1.201192855834961,147690.43190176782,0.8081514835357666,3279,0.7559406757354736,47510.0,0.05002641677856445,
jobrange.590,4,5,39316245.11012377,2.2836339473724365,6980918.976333221,0.9400365352630615,15963,0.5717697143554688,324360.0,0.04838299751281738,
jobrange.591,4,5,129274350.59272991,1.1248149871826172,109334256.24066913,0.5627651214599609,1961870,0.6181116104125977,24302995.0,0.19531488418579102,
jobrange.592,4,5,4477042264.912675,2.449719190597534,319145294.2526963,1.0197899341583252,7518,0.5654397010803223,6858339.0,0.08338451385498047,
jobrange.593,4,5,401622347.9690445,0.8059217929840088,9720000.000000017,0.32317137718200684,743,0.20496797561645508,202811.0,0.041512250900268555,
jobrange.594,4,5,829689.3605027763,0.47009801864624023,280.00000000000017,0.17321372032165527,15,0.114105224609375,48.0,0.04466581344604492,
jobrange.595,4,5,983536094.9844244,1.0415685176849365,400344156.2461995,0.4495275020599365,124539,0.30060315132141113,31416864.0,0.13716793060302734,
jobrange.596,4,5,983536094.9844244,1.295255184173584,256420464.41412708,0.5757114887237549,65328,0.41851162910461426,13905639.0,0.10633325576782227,
jobrange.597,4,5,3241358.011915894,0.5971136093139648,268133.91595854406,0.3120427131652832,3449,0.36826014518737793,43328.0,0.08701229095458984,
jobrange.598,4,5,388076560.18399304,1.011934757232666,227580394.45803735,0.4586031436920166,413080,0.32712793350219727,25051463.0,0.11991667747497559,
jobrange.599,4,5,28954571.01321195,0.9865701198577881,97614.00000000019,0.4011962413787842,175,0.24857330322265625,37128.0,0.03598189353942871,
jobrange.600,4,5,2501115.7397798216,2.1005589962005615,217620.00000000015,0.9228513240814209,268,0.7076170444488525,3205.0,0.08814454078674316,
jobrange.601,4,5,1685957.7468993524,0.6441054344177246,12031.999999999987,0.2547271251678467,115,0.16530752182006836,2923.0,0.05703330039978027,
jobrange.602,4,5,2775857.339834675,2.088474988937378,233279.9999999998,0.946563720703125,2111,0.7893640995025635,40831.0,0.09127259254455566,
jobrange.603,4,5,1322284.4072985908,0.3252532482147217,182231.34416860717,0.221297025680542,317,0.13886666297912598,1443.0,0.050657033920288086,
jobrange.604,4,5,796242252.3717955,1.2269172668457031,466975736.972956,0.6634950637817383,565723,0.9218122959136963,33078193.0,0.13530564308166504,
jobrange.605,4,5,172396.17900841223,0.9958500862121582,1380.0000000000002,0.5690250396728516,51,0.29186558723449707,576.0,0.03392148017883301,
jobrange.606,4,5,3304292.9571379884,3.5594356060028076,536418.8330532787,0.9786558151245117,6214,1.0426506996154785,18826.0,0.13218379020690918,
jobrange.607,4,5,3269590.6305977823,1.9015905857086182,239211.5233881091,0.5996932983398438,441,0.4175376892089844,4408.0,0.10645461082458496,
jobrange.608,4,5,29108974.628076103,8.26199221611023,7453802.917077216,1.4537909030914307,76406,1.3066909313201904,1115454.0,0.15953493118286133,
jobrange.609,4,5,8245222256.559705,8.108418226242065,3597689406.321645,1.6810944080352783,265962,0.9765973091125488,172362666.0,2.8993515968322754,
jobrange.610,4,5,449297.2204711197,1.272219181060791,19503.999999999985,0.38073110580444336,158,0.2518904209136963,620.0,0.04238486289978027,
jobrange.611,4,5,252086740.4003259,3.727809429168701,213500.00000000026,0.9454874992370605,206,0.5344855785369873,29501.0,0.04594087600708008,
jobrange.612,4,5,2978346151.332872,3.4768950939178467,547236379.1165679,0.9106895923614502,29052,0.5427243709564209,2864932.0,0.16546273231506348,
jobrange.613,4,5,2014591.5740379384,1.341188907623291,41040.000000000015,0.34952616691589355,76,0.24326133728027344,832.0,0.045812129974365234,
jobrange.614,4,5,4377622505.39165,3.7226619720458984,980993288.494331,1.0014798641204834,56786,0.5897150039672852,8448233.0,0.427990198135376,
jobrange.615,4,5,2021767.7605352127,1.5258069038391113,106783.99999999983,0.49118781089782715,214,0.33046698570251465,3864.0,0.04666709899902344,
jobrange.616,4,5,1545875876.039624,2.015162467956543,1115879138.41628,0.7398514747619629,977531,0.7064917087554932,51141476.0,0.44428277015686035,
jobrange.617,4,5,3830764351.5708675,8.422720670700073,2283464092.1308155,1.5620384216308594,929699,1.0230309963226318,18150442.0,0.2229306697845459,
jobrange.618,4,5,2796865.96275555,1.2391984462738037,4731.999999999996,0.35038137435913086,80,0.24022889137268066,1178.0,0.03371477127075195,
jobrange.619,4,5,129747254.95466849,2.21187424659729,378000.0000000003,0.6167826652526855,227,0.39031386375427246,138562.0,0.08726978302001953,
jobrange.620,4,5,575369.3806684449,8.180571794509888,26969.999999999993,1.3888835906982422,164,0.8752303123474121,4050.0,0.0467221736907959,
jobrange.621,4,5,8882729.07504923,2.2601139545440674,1357756.1285557419,0.6940410137176514,2544,0.44672131538391113,25923.0,0.04360795021057129,
jobrange.622,4,5,547955.8305172493,3.3392457962036133,2009.9999999999984,0.8042171001434326,67,0.46904730796813965,1035.0,0.05383181571960449,
jobrange.623,4,5,4690600.7165914085,3.2628097534179688,588267.3634304224,0.8161051273345947,3606,0.9635710716247559,43837.0,0.13736534118652344,
jobrange.624,4,5,1272853327.19661,8.383649587631226,106236345.9554555,1.5311388969421387,2116,0.9425759315490723,213413.0,0.04316139221191406,
jobrange.625,4,5,666052.4175765375,2.06868052482605,57412.801224448216,0.6207566261291504,57,0.3558492660522461,256.0,0.05998063087463379,
jobrange.626,4,5,609291.2710100749,1.4876644611358643,34122.00000000001,0.5864593982696533,422,0.7097921371459961,5306.0,0.05453085899353027,
jobrange.627,4,5,3930413.0261358256,0.8110513687133789,466222.1771025634,0.33054161071777344,14198,0.5313670635223389,82593.0,0.14197468757629395,
jobrange.628,4,5,3667941312.3585453,8.213910579681396,783059168.387065,1.5254857540130615,51428,0.9388573169708252,1051115.0,0.11244320869445801,
jobrange.629,4,5,33679.12921604982,0.3986213207244873,3721.989187517829,0.19045257568359375,45,0.1705794334411621,72.0,0.08920693397521973,
jobrange.630,4,5,1430643806.3538766,1.6847503185272217,15260400.00000001,0.6395056247711182,1464,0.3840508460998535,93727.0,0.04285407066345215,
jobrange.631,4,5,534600.0000000023,0.9209320545196533,7482.000000000003,0.31521129608154297,286,0.2091522216796875,7482.0,0.10909581184387207,
jobrange.632,4,5,8000501.035331021,1.3345739841461182,1546065.3863761623,0.38623666763305664,15313,0.34858083724975586,251648.0,0.06409001350402832,
jobrange.633,4,5,1480394.9427086336,8.129305839538574,67962.00000000006,1.3747739791870117,173,0.8672561645507812,4544.0,0.04258227348327637,
jobrange.634,4,5,4332224.511453907,1.6294431686401367,500889.91558296327,0.4236767292022705,518,0.29794859886169434,2803.0,0.10033988952636719,
jobrange.635,4,5,1144161.5497839092,7.957013130187988,8359.99999999999,1.3081409931182861,167,0.8300848007202148,1280.0,0.04288315773010254,
jobrange.636,4,5,32388327.67219345,8.447084903717041,9986948.33593413,1.6000685691833496,154262,1.7313029766082764,1847736.0,0.13580775260925293,
jobrange.637,4,5,2611434845.3713145,2.935469627380371,1717149933.2379575,1.0738441944122314,2520412,1.0979249477386475,234191595.0,1.680877923965454,
jobrange.638,4,5,1303795.3552558636,1.3112273216247559,160468.5442471875,0.5255310535430908,4288,0.6663937568664551,14985.0,0.07629728317260742,
jobrange.639,4,5,9357224.480767805,1.32322359085083,1606720.7617806778,0.5200066566467285,3372,0.3696298599243164,12099.0,0.13009381294250488,
jobrange.640,4,5,841050.3046529256,0.6862316131591797,188.00000000000003,0.23268771171569824,30,0.15100765228271484,58.0,0.07364630699157715,
jobrange.641,4,5,998075469.0292238,3.094074010848999,723313388.2349429,1.2373552322387695,4587996,1.6090543270111084,87227047.0,0.40779852867126465,
jobrange.642,4,5,32796045.737529106,7.791099786758423,6936168.98169405,1.387601613998413,62948,1.02061128616333,608058.0,0.08855772018432617,
jobrange.643,4,5,1479309353.69795,3.484377145767212,88111800.00000013,0.8969287872314453,2479,0.5192556381225586,750172.0,0.09712076187133789,
jobrange.644,4,5,29048577.518683616,3.0893328189849854,14649739.21805072,0.8431260585784912,344676,0.7546555995941162,2793074.0,0.1106107234954834,
jobrange.645,4,5,145734.74530038686,1.1093533039093018,30343.398045436625,0.656158447265625,5767,1.4945452213287354,5826.0,0.11141324043273926,
jobrange.646,4,5,6961296.20977557,7.711804151535034,307404.5100629092,1.2449922561645508,349,0.8055155277252197,9870.0,0.0545649528503418,
jobrange.647,4,5,547624.2248314996,0.5701878070831299,53471.28527651922,0.19465851783752441,65,0.14914298057556152,65.0,0.13330650329589844,
jobrange.648,4,5,1315673.7070913427,1.7991890907287598,101880.00000000007,0.7875943183898926,1427,1.4765496253967285,20746.0,0.09533882141113281,
jobrange.649,4,5,4903967.255173055,1.8474094867706299,661312.8752173916,0.8754751682281494,12500,1.6388754844665527,179534.0,0.07498860359191895,
jobrange.650,4,5,13307471.543423597,8.007596731185913,2058896.9860176034,1.3537068367004395,12506,1.0551817417144775,110841.0,0.09618401527404785,
jobrange.651,4,5,253530.0056720524,1.2312967777252197,374.99999999999994,0.34062743186950684,78,0.25153660774230957,300.0,0.06676101684570312,
jobrange.652,4,5,1683596.5337379987,1.320544958114624,127181.9999999998,0.48680877685546875,146,0.3867783546447754,1043.0,0.04879474639892578,
jobrange.653,4,5,8861161.194076773,3.442277431488037,3112706.6313580074,0.8477246761322021,40499,0.6091644763946533,113976.0,0.09065437316894531,
jobrange.654,4,5,7181456.760858075,2.9036707878112793,1257010.1093321058,0.6484849452972412,17266,0.6874749660491943,180876.0,0.1663954257965088,
jobrange.655,4,5,253530.0056720524,1.5339503288269043,2213.9999999999995,0.48251962661743164,83,0.6288046836853027,923.0,0.09162068367004395,
jobrange.656,4,5,45878399.999999925,3.505013942718506,398958.0000000004,0.9198648929595947,286,0.5237555503845215,398958.0,0.09185194969177246,
jobrange.657,4,5,86772830.48910286,1.1474905014038086,47621720.60685139,0.5334670543670654,124742,0.5965499877929688,1841790.0,0.17772841453552246,
jobrange.658,4,5,3905466526.854386,1.8399457931518555,582736734.331127,0.6294810771942139,41690,0.39017438888549805,31701915.0,0.5891721248626709,
jobrange.659,4,5,675577645.0872693,3.5346202850341797,1908900.0000000033,0.907844066619873,346,0.5234487056732178,167475.0,0.051624298095703125,
jobrange.660,4,5,223159646.15797102,2.5656049251556396,40831.99999999999,0.8589723110198975,73,0.48441338539123535,2276.0,0.047615766525268555,
jobrange.661,4,5,9163854.662618106,3.1685707569122314,2599.9999999999986,0.7246963977813721,51,0.40415525436401367,552.0,0.060823917388916016,
jobrange.662,4,5,10764230.926012639,7.860455513000488,2002868.0000000002,1.250474452972412,32604,0.8115272521972656,188726.0,0.08018016815185547,
jobrange.663,4,5,76389088.02492543,1.4274587631225586,22033532.000000015,0.5703432559967041,998085,0.71468186378479,12077943.0,0.17750215530395508,
jobrange.664,4,5,22796459.706012283,1.8260071277618408,9067185.999999996,0.7886583805084229,153828,0.49010610580444336,517131.0,0.1255338191986084,
jobrange.665,4,5,2052052091.546213,9.648360013961792,353475753.2402383,1.9557695388793945,108916,1.1434602737426758,7570641.0,0.17790579795837402,
jobrange.666,4,5,274264532.06690717,2.72493839263916,81134847.99999988,1.07332181930542,2233852,0.9522337913513184,49593859.0,0.2284088134765625,
jobrange.667,4,5,7675849.245512681,1.4284553527832031,1455939.895816044,0.48832035064697266,208094,0.48615360260009766,258256.0,0.07067608833312988,
jobrange.668,4,5,111875996.69931987,8.425143718719482,21364055.07991586,1.7006936073303223,190175,0.9917662143707275,1751495.0,0.14315485954284668,
jobrange.669,4,5,1317315039.326043,9.390384435653687,105882036.68532974,1.9589385986328125,31873,1.1540663242340088,971070.0,0.11857771873474121,
jobrange.670,4,5,228685550.18341753,2.8201122283935547,78125632.4253277,1.02120041847229,381055,0.5993971824645996,11026802.0,0.10627985000610352,
jobrange.671,4,5,33535952.68833213,1.805980920791626,588923.999999999,0.8662025928497314,1167,0.42627477645874023,9783.0,0.05146670341491699,
jobrange.672,4,5,48216962.09907792,2.826155662536621,598103.999999999,1.011298418045044,1431,0.5630512237548828,44517.0,0.08837032318115234,
jobrange.673,4,5,42807365.825532444,1.128371238708496,3053776.000000003,0.4529304504394531,20733,0.3205749988555908,270830.0,0.0789327621459961,
jobrange.674,4,5,40642833.594230875,2.2937228679656982,376800.00000000035,0.8192586898803711,562,0.4554009437561035,5214.0,0.14237260818481445,
jobrange.675,4,5,44410307.09617363,7.9009974002838135,383020.0,1.2211618423461914,573,0.7737023830413818,46395.0,0.053765058517456055,
jobrange.676,4,5,3441696.503325434,1.3682472705841064,224893.3742677009,0.33857107162475586,4764,0.2276763916015625,4862.0,0.1456155776977539,
jobrange.677,4,5,1792468.090917468,2.1883492469787598,9323.999999999993,0.8172979354858398,86,0.4491312503814697,228.0,0.09881973266601562,
jobrange.678,4,5,571388.109446954,1.968787670135498,3443.999999999999,0.5680320262908936,56,0.32119107246398926,119.0,0.06796526908874512,
jobrange.679,4,5,26263039.278690763,3.143070697784424,8263919.000000002,0.7505066394805908,50410,0.45412373542785645,147747.0,0.09416437149047852,
jobrange.680,4,5,767635770.8046631,9.403776168823242,389804148.78233784,1.980992317199707,1144117,1.226576805114746,29604765.0,0.397968053817749,
jobrange.681,4,5,136516807.17291555,4.632284879684448,15261412.909378989,1.3832597732543945,15853,0.732841968536377,273010.0,0.06720137596130371,
jobrange.682,4,5,66235168.05107117,4.440176725387573,18734006.023691256,1.3179521560668945,17842,0.863523006439209,1051570.0,0.07578229904174805,
jobrange.683,4,5,24786932.97492443,2.766566514968872,6444151.000000005,1.1180684566497803,1694469,1.0647804737091064,1906037.0,0.15946388244628906,
jobrange.684,4,5,819404942.6685017,9.469269275665283,440927815.00000143,2.1144168376922607,3279723,1.6040692329406738,27046372.0,0.23350119590759277,
jobrange.685,4,5,21295535.678866696,2.3405728340148926,3654236.0000000005,0.9218618869781494,293725,0.8080224990844727,840513.0,0.11893439292907715,
jobrange.686,4,5,30079875.04743473,2.6886637210845947,17671488.000000004,1.0853912830352783,1921589,1.3265407085418701,4953476.0,0.170454740524292,
jobrange.687,4,5,415643351.20834744,8.247955322265625,75153459.54653606,1.6969597339630127,185752,0.9723532199859619,4886533.0,0.18201756477355957,
jobrange.688,4,5,179954529.25573656,2.7804532051086426,16374419.872137774,0.9914543628692627,32521,0.5573606491088867,835539.0,0.06449389457702637,
jobrange.689,4,5,819392.0000000003,3.1265320777893066,330.00000000000006,0.6735248565673828,40,0.3900279998779297,330.0,0.09428024291992188,
jobrange.690,4,5,9876196.907658895,2.759523868560791,4594815.000000008,1.3289852142333984,2093391,2.149442434310913,2369440.0,0.12877893447875977,
jobrange.691,4,5,16039666.839652687,1.186159610748291,2039907.9999999988,0.590195894241333,310166,1.202998161315918,1020674.0,0.20113348960876465,
jobrange.692,4,5,7310113.522483558,2.621626853942871,292908.56592561153,1.1181912422180176,1053,0.5694699287414551,1212.0,0.05751991271972656,
jobrange.693,4,5,169016968.38026267,7.735283613204956,1399764.000000001,1.253889560699463,1126,0.7947866916656494,17388.0,0.07609796524047852,
jobrange.694,4,5,6972252.831198816,1.2418715953826904,1540466.0000000002,0.41886377334594727,175238,0.3640923500061035,423053.0,0.1438734531402588,
jobrange.695,4,5,18323010.454047956,2.6934268474578857,2465495.929940077,1.1631057262420654,2406,0.5919256210327148,2691.0,0.061689138412475586,
jobrange.696,4,5,3044239.42313148,8.14115047454834,162520.0000000002,1.469212293624878,2676,0.893834114074707,2724.0,0.0862884521484375,
jobrange.697,4,5,215087524.38965547,4.652960300445557,49563566.879143186,1.3828492164611816,133542,0.7471861839294434,2283523.0,0.10360288619995117,
jobrange.698,4,5,228685550.18341753,2.8870110511779785,105599731.9999999,1.0590355396270752,832504,0.7314648628234863,14336624.0,0.13747668266296387,
jobrange.699,4,5,655178.0563398426,0.5742862224578857,201242.00000000003,0.1977543830871582,31479,0.22051191329956055,31846.0,0.13565564155578613,
jobrange.700,4,5,205881214.0484904,9.361975908279419,10055819.508601101,1.9313230514526367,13497,1.1304316520690918,157441.0,0.07529735565185547,
jobrange.701,4,5,7483753.2020459045,2.966600179672241,2158956.000000001,0.7831451892852783,771717,0.7009751796722412,1365738.0,0.10281801223754883,
jobrange.702,4,5,4023067.758798004,1.3234148025512695,911707.9999999992,0.6480898857116699,264377,0.7897117137908936,308229.0,0.07499289512634277,
jobrange.703,4,5,2471693602.0784826,9.27037525177002,392706470.8579908,1.977602243423462,153267,1.1825456619262695,3393990.0,0.13482117652893066,
jobrange.704,4,5,188027.99999999945,8.031351804733276,936.0000000000001,1.3521480560302734,59,0.8480782508850098,936.0,0.050902366638183594,
jobrange.705,4,5,44611178.3502455,7.678336143493652,2834162.1572936904,1.2091748714447021,18206,0.7728304862976074,207341.0,0.0898904800415039,
jobrange.706,4,5,301251321.78163904,4.861669301986694,118522852.81878571,1.4009969234466553,261354,0.7784173488616943,2999168.0,0.08993816375732422,
jobrange.707,4,5,914742200.7336701,2.8217244148254395,422398927.9999996,1.1090993881225586,2606064,0.8847682476043701,136767736.0,0.34594106674194336,
jobrange.708,4,5,6376629.8351349775,1.2941043376922607,264.00000000000017,0.27744436264038086,20,0.17381525039672852,264.0,0.0835423469543457,
jobrange.709,4,5,2164692.771399796,8.265146255493164,25316.999999999993,1.2640442848205566,354,0.7965772151947021,3079.0,0.06756925582885742,
jobrange.710,4,5,4512060.81169305,1.1892266273498535,981419.9999999993,0.6109235286712646,47497,0.4698750972747803,101911.0,0.13846135139465332,
jobrange.711,4,5,1131915731.862115,4.626817941665649,613253196.0000006,1.473992109298706,846820,0.9758951663970947,12446970.0,0.14617514610290527,
jobrange.712,4,5,4727859.489096893,1.829268455505371,187880.0000000003,0.4397704601287842,41,0.25426578521728516,360.0,0.05064105987548828,
jobrange.713,4,5,420119.4970859762,8.088297605514526,19910.000000000033,1.6528518199920654,415,0.9314815998077393,19071.0,0.09332513809204102,
jobrange.714,4,5,228685550.18341753,2.786555528640747,105599731.9999999,1.1395914554595947,3759322,0.9842991828918457,79949812.0,0.24636483192443848,
jobrange.715,4,5,23668.752520869897,2.9455294609069824,29.999999999999986,0.6963086128234863,2,0.3914661407470703,2.0,0.06147360801696777,
jobrange.716,4,5,1035709549.6534059,7.689697504043579,13161960.000000034,1.2892429828643799,1190,0.8081586360931396,178293.0,0.08024001121520996,
jobrange.717,4,5,1264205533.3401127,2.220017194747925,854043509.9394073,0.6405339241027832,794971,0.8005356788635254,149167225.0,0.7553436756134033,
jobrange.718,4,5,300594627.21487343,1.9531018733978271,7711853.999999992,0.8802051544189453,749,0.4516410827636719,110458.0,0.04439401626586914,
jobrange.719,4,5,6072757882.271379,2.83376145362854,1897025473.134874,1.1493282318115234,93128,0.6356949806213379,65040150.0,0.21437954902648926,
jobrange.720,4,5,557951386.2057315,3.0853919982910156,2779920.0000000037,0.7335147857666016,254,0.41844749450683594,287549.0,0.05162310600280762,
jobrange.721,4,5,614688795.0818577,8.109117984771729,521611501.01912373,1.581136703491211,4422445,1.4216945171356201,95898331.0,0.4416542053222656,
jobrange.722,4,5,259341795.92354652,2.85083270072937,3222505.999999996,1.0496864318847656,752,0.5873410701751709,2736468.0,0.05901908874511719,
jobrange.723,4,5,344361593.71483886,1.2848992347717285,26290378.789376043,0.39770960807800293,8586,0.25464940071105957,1594304.0,0.10382318496704102,
jobrange.724,4,5,97648231.46741706,1.0719289779663086,23519967.844470143,0.4206275939941406,9185,0.25324010848999023,244390.0,0.06819367408752441,
jobrange.725,4,5,3340505806.2788315,3.689180612564087,2931766828.137732,1.385802984237671,3099063,0.9237649440765381,260199219.0,0.4654362201690674,
jobrange.726,4,5,2386520144.8859262,3.879373550415039,2027817954.022556,1.2340950965881348,2556106,0.9930603504180908,100420460.0,0.25989341735839844,
jobrange.727,4,5,661974861.7751328,2.7134640216827393,1048572.0000000008,1.048067569732666,703,0.5859150886535645,321584.0,0.04753899574279785,
jobrange.728,4,5,361032916.4226186,2.1747488975524902,110868681.32955413,0.6213724613189697,304625,0.7055134773254395,27572248.0,0.6004989147186279,
jobrange.729,4,5,303274062.70983356,2.505584478378296,131478759.58611684,0.8826115131378174,496446,1.1570441722869873,29382344.0,0.4750683307647705,
jobrange.730,4,5,351708767.09649366,1.9755630493164062,146642055.8445017,1.0554986000061035,86111,0.6015686988830566,3655676.0,0.12916922569274902,
jobrange.731,4,5,117594717.15845132,8.207586526870728,101052728.47433047,1.6740827560424805,6215143,1.2844102382659912,12251172.0,0.21664905548095703,
jobrange.732,4,5,1030503947.6525598,1.3134205341339111,279568467.7898916,0.47582244873046875,34686,0.3048365116119385,1825037.0,0.1317157745361328,
jobrange.733,4,5,114536679.62917806,0.9465205669403076,46802889.33436272,0.4627957344055176,14503,0.29579639434814453,206543.0,0.07122349739074707,
jobrange.734,4,5,5173964795.186781,2.9842419624328613,4363157819.051068,1.124347448348999,931855,0.7823421955108643,266290614.0,0.6830558776855469,
jobrange.735,4,5,2280393659.6085916,8.602893590927124,2280393659.6085916,2.0270166397094727,6613327,1.6481857299804688,50314364.0,0.41321301460266113,
jobrange.736,4,5,464597479.2094904,1.3755240440368652,322319531.2650813,0.4211435317993164,235314,0.4258291721343994,36300743.0,0.4455704689025879,
jobrange.737,4,5,1488479808.9259768,7.679687023162842,282708863.3936905,1.3763597011566162,22535,0.8567540645599365,3324174.0,0.210770845413208,
jobrange.738,4,5,351708767.09649366,1.9013705253601074,261621782.1891532,0.8841710090637207,307774,0.5579464435577393,5120188.0,0.12600493431091309,
jobrange.739,4,5,1403981922.650231,7.695489406585693,947454580.3792593,1.2947545051574707,334843,0.9680922031402588,44415412.0,0.8330678939819336,
jobrange.740,4,5,1240352404.8886986,3.7623300552368164,798360677.2453209,0.8852095603942871,924092,0.8115189075469971,158151344.0,1.0897595882415771,
jobrange.741,4,5,995971434.737427,3.884472370147705,527021455.0363734,1.2914836406707764,127385,0.6704390048980713,11984965.0,0.34818148612976074,
jobrange.742,4,5,779761714.7370197,9.405112743377686,188100.00000000015,2.0023114681243896,219,1.1668767929077148,156600.0,0.06042194366455078,
jobrange.743,4,5,278937664.38522226,1.7046818733215332,116931681.68776537,0.8069982528686523,789701,1.2042279243469238,13338286.0,0.27605748176574707,
jobrange.744,4,5,1211100237.950842,8.354862689971924,1073308974.4930398,1.6218438148498535,4115888,1.4862196445465088,276089384.0,1.3172521591186523,
jobrange.745,4,5,166240857.15522358,1.6773738861083984,88342074.58817048,0.7095131874084473,276412,0.49300050735473633,1387686.0,0.12377238273620605,
jobrange.746,4,5,12821365674.23616,9.485328912734985,12821365674.23616,2.0775015354156494,5279800,1.3740854263305664,1764459101.0,10.913020372390747,
jobrange.747,4,5,108602914.54087283,3.1277596950531006,89910736.12700145,0.8278858661651611,1014977,0.6441841125488281,6001320.0,0.17180347442626953,
jobrange.748,4,5,219392548.1638885,2.3900017738342285,152468998.16490948,0.9594707489013672,2085872,0.902925968170166,36097353.0,0.2923755645751953,
jobrange.749,4,5,5173964795.186781,2.885045051574707,1839787262.86216,1.068352460861206,50442,0.6054813861846924,40115324.0,0.18988037109375,
jobrange.750,4,5,3340505806.2788315,3.636960744857788,1181277599.2578197,1.3212721347808838,27770,0.7063615322113037,3793543.0,0.0914609432220459,
jobrange.751,4,5,103169087.72751144,1.5678353309631348,5985168.000000009,0.5407462120056152,611,0.31243324279785156,10069.0,0.10520148277282715,
jobrange.752,4,5,12821365674.23616,9.45887804031372,11872261524.494318,2.0643937587738037,2082522,1.3097255229949951,30307903.0,0.30744123458862305,
jobrange.753,4,5,1295159875.393202,7.66824746131897,232258896.01822722,1.2931387424468994,32777,0.8135261535644531,5253070.0,0.26334500312805176,
jobrange.754,4,5,572423276.7835374,7.821146011352539,103702149.90864013,1.387399435043335,53433,0.8687148094177246,3614879.0,0.1846778392791748,
jobrange.755,4,5,30340742.58050168,2.1676440238952637,64971.99999999997,0.8294658660888672,138,0.4604976177215576,1622.0,0.08878040313720703,
jobrange.756,4,5,89561977.48113522,7.814982652664185,117876.0000000002,1.3342227935791016,185,0.8398723602294922,2565.0,0.05693626403808594,
jobrange.757,4,5,105036822.91958997,8.307373285293579,40393149.52480948,1.3956701755523682,102819,1.2285239696502686,3049418.0,0.22184038162231445,
jobrange.758,4,5,124096804.38664192,2.37223219871521,73151508.45448941,1.0766515731811523,1178745,0.9444591999053955,20124835.0,0.17006611824035645,
jobrange.759,4,5,31323392.970237333,1.5130691528320312,24586538.148701128,0.9787583351135254,630803,1.344691276550293,4104159.0,0.21327781677246094,
jobrange.760,4,5,321696972.0073274,1.5001099109649658,24982394.816738605,0.5990235805511475,4778,0.3441128730773926,19487.0,0.06419920921325684,
jobrange.761,4,5,544950500.7215307,1.6679463386535645,232979734.6348798,0.5148868560791016,50537,0.39888882637023926,6245677.0,0.23464632034301758,
jobrange.762,4,5,402041040.60500705,1.8563807010650635,325977446.44936424,0.5387592315673828,728452,0.653285026550293,80427498.0,0.31865620613098145,
jobrange.763,4,5,5599784893.3039,5.345413684844971,5233776286.436809,1.4714992046356201,874808,0.8567309379577637,206790598.0,0.4469947814941406,
jobrange.764,4,5,87838379.28949514,7.6871178150177,62729.999999999956,1.2884466648101807,291,0.8080418109893799,60435.0,0.05546069145202637,
jobrange.765,4,5,432685038.42438686,1.4631483554840088,8168975.999999984,0.43822646141052246,903,0.27112436294555664,255019.0,0.10054445266723633,
jobrange.766,4,5,132236377.47391495,3.2896618843078613,30249020.087395556,0.8215343952178955,9199,0.4691481590270996,127216.0,0.07936239242553711,
jobrange.767,4,5,155643496.90826693,7.67973518371582,7464240.0,1.3143482208251953,1084,0.820777416229248,398104.0,0.09921097755432129,
jobrange.768,4,5,1845970411.7917132,3.7344272136688232,1388161581.8921092,1.537308692932129,2214729,1.6650629043579102,18307802.0,0.1804969310760498,
jobrange.769,4,5,5173964795.186781,2.8284964561462402,4363157819.05109,1.1691606044769287,3235236,0.930138111114502,1288885539.0,1.5998742580413818,
jobrange.770,4,5,49749007.743988805,3.0725033283233643,6202080.000000011,0.7033960819244385,1887,0.4061391353607178,48342.0,0.05111193656921387,
jobrange.771,5,6,30542014.02757605,2.0566487312316895,2957457.7710744226,1.020310640335083,1259,0.6588022708892822,123239.0,0.06067395210266113,
jobrange.772,5,6,34830127295.84872,2.6807243824005127,31304369860.557354,1.2892508506774902,2166804,0.9625353813171387,2257838866.0,3.477207899093628,
jobrange.773,5,6,838513571.1157181,1.0744950771331787,78988932.94724704,0.5384025573730469,18771,0.29851412773132324,5347685.0,0.0780951976776123,
jobrange.774,5,6,1031976.4800246074,1.065917730331421,11069.999999999993,0.6912574768066406,26,0.32956933975219727,182.0,0.06381869316101074,
jobrange.775,5,6,5096026950.588896,1.364445447921753,2508018328.0714965,0.9434654712677002,175351,0.5565118789672852,115444184.0,0.22561883926391602,
jobrange.776,5,6,2637388.924154044,1.550980806350708,340595.43029596104,1.0792386531829834,9411,2.1540045738220215,112377.0,0.04463624954223633,
jobrange.777,5,6,6735984.894248061,0.8063104152679443,76703.99999999999,0.3823425769805908,22,0.30031251907348633,324.0,0.054030418395996094,
jobrange.778,5,6,294155626.8563658,1.1963410377502441,136485693.92755,0.5770049095153809,106321,0.4643387794494629,12919414.0,0.14778900146484375,
jobrange.779,5,6,8707531823.962221,3.1959328651428223,7826092465.1393385,1.266406774520874,3672628,0.9397573471069336,2309171222.0,2.1472489833831787,
jobrange.780,5,6,1756815960.565075,1.4101612567901611,1337185364.2157648,0.6264963150024414,550395,0.5997986793518066,130243466.0,0.24479985237121582,
jobrange.781,5,6,17328087.691300046,2.200934410095215,2232564.989704541,0.9831812381744385,4925,0.5943076610565186,71186.0,0.0758669376373291,
jobrange.782,5,6,827505.8692861283,0.7255382537841797,122942.06631199837,0.36678409576416016,318,0.280733585357666,394.0,0.07009291648864746,
jobrange.783,5,6,232653.4375971571,1.4394824504852295,22139.999999999985,0.8844919204711914,68,0.57454514503479,1034.0,0.09871530532836914,
jobrange.784,5,6,1327660.0756851018,0.471513032913208,134859.51096842857,0.21184659004211426,309,0.15517067909240723,8665.0,0.04562640190124512,
jobrange.785,5,6,456587.66887948354,2.1650583744049072,30920.00000000008,0.9510588645935059,792,0.5030426979064941,30120.0,0.07176017761230469,
jobrange.786,5,6,3270446.497621621,1.1200804710388184,884425.7987448047,0.7538275718688965,37665,1.781186819076538,286940.0,0.13555598258972168,
jobrange.787,5,6,897225893.4525107,1.0807130336761475,605683373.977981,0.6862504482269287,860721,0.8456277847290039,291045238.0,0.4037938117980957,
jobrange.788,5,6,30802982.504317973,0.7319896221160889,3180583.8743522624,0.3331124782562256,2377,0.3725128173828125,93335.0,0.04909968376159668,
jobrange.789,5,6,1756815960.565075,0.9662778377532959,290319721.28019834,0.5995039939880371,18519,0.31612181663513184,1379145.0,0.06913161277770996,
jobrange.790,5,6,8707531823.962221,2.4561455249786377,7826092465.1393385,1.2552549839019775,2477659,0.90244460105896,914725971.0,1.1594834327697754,
jobrange.791,5,6,852806476.4229982,1.3118562698364258,677582811.3277931,0.6726717948913574,787768,0.6443443298339844,161437196.0,0.29612278938293457,
jobrange.792,5,6,146572698.21332833,3.0241856575012207,52434545.77704503,1.1035821437835693,61261,0.683427095413208,4599481.0,0.05916905403137207,
jobrange.793,5,6,169451513.71163815,3.0913405418395996,47103472.13804099,1.1634886264801025,43516,0.8816978931427002,3060489.0,0.09990096092224121,
jobrange.794,5,6,340418.73444693733,0.81209397315979,14039.999999999996,0.38431501388549805,108,0.38186144828796387,1398.0,0.06927084922790527,
jobrange.795,5,6,14174156.046587968,1.3190934658050537,1218208.071205728,0.8060595989227295,765,0.46272969245910645,37995.0,0.06916213035583496,
jobrange.796,5,6,107390031.15474746,0.9214589595794678,83351123.70077994,0.5802478790283203,824952,0.7858490943908691,37943368.0,0.16523313522338867,
jobrange.797,5,6,8187004.567766902,2.5997915267944336,1115584.9517695946,1.347348928451538,6672,1.5591354370117188,137992.0,0.08903264999389648,
jobrange.798,5,6,1756815960.565075,0.976428747177124,251686254.67105687,0.4724843502044678,58708,0.34446144104003906,5826461.0,0.09047102928161621,
jobrange.799,5,6,471767.4900050913,0.7444157600402832,990.0000000000001,0.35749340057373047,53,0.20131802558898926,720.0,0.06865906715393066,
jobrange.800,5,6,372470.5496834126,0.6007540225982666,4120.000000000009,0.2745363712310791,112,0.19992280006408691,2070.0,0.08067464828491211,
jobrange.801,5,6,3354054284.4628725,1.2446506023406982,2565659419.2704926,0.6202857494354248,704482,0.5788366794586182,525471706.0,0.6367168426513672,
jobrange.802,5,6,43149312.93123738,2.6910479068756104,9635427.668737836,1.3293302059173584,132294,1.7559449672698975,1778132.0,0.1041266918182373,
jobrange.803,5,6,4016397662.6692224,2.704958438873291,3453908307.0086126,1.4585621356964111,3952964,1.449404001235962,197396581.0,0.44702959060668945,
jobrange.804,5,6,7729582.299574149,1.0826358795166016,556883.2556650887,0.6309306621551514,753,0.9459733963012695,16688.0,0.0589909553527832,
jobrange.805,5,6,135885600.00000045,2.788309335708618,4426569.000000014,1.1589946746826172,857,0.6044929027557373,4426569.0,0.08977246284484863,
jobrange.806,5,6,40880627999.85578,2.8535706996917725,35671565728.694336,1.4074809551239014,4682086,1.0993456840515137,9759132625.0,7.658446311950684,
jobrange.807,5,6,727060051.6469965,0.9649748802185059,578340337.1391083,0.5887036323547363,1279670,0.7881660461425781,284676484.0,0.31885790824890137,
jobrange.808,5,6,21442581.68089038,2.7330827713012695,4322533.189297425,1.3704164028167725,68612,1.9324469566345215,1330107.0,0.11689949035644531,
jobrange.809,5,6,11937409.19907023,2.7490577697753906,815845.2551689155,1.060849666595459,832,0.5899546146392822,17377.0,0.08254432678222656,
jobrange.810,5,6,44279.99999999997,1.3826706409454346,647.9999999999998,0.8794305324554443,31,0.47016239166259766,648.0,0.05096936225891113,
jobrange.811,5,6,474890655.9819691,1.0851328372955322,2818800.0000000014,0.4319438934326172,674,0.25167155265808105,94785.0,0.06431388854980469,
jobrange.812,5,6,986229364.7796826,2.5811688899993896,1639440.0000000012,1.1779451370239258,321,0.6190636157989502,1024029.0,0.09470176696777344,
jobrange.813,5,6,37465325.45024558,2.7594637870788574,9395461.816571083,1.3384206295013428,116039,1.5808663368225098,2055381.0,0.11400604248046875,
jobrange.814,5,6,2744094977.5502543,2.4902851581573486,85001400.00000013,1.1586120128631592,1387,0.6034970283508301,3533626.0,0.10227060317993164,
jobrange.815,5,6,2342727.2036546594,1.1278820037841797,847641.7088546606,0.8103771209716797,39184,1.999403476715088,360576.0,0.10638976097106934,
jobrange.816,5,6,64324986.30748344,3.0723321437835693,30862014.4611701,1.3266305923461914,437941,1.4717907905578613,9035486.0,0.13570427894592285,
jobrange.817,5,6,2871031.1210746407,1.3613109588623047,177985.21601362788,0.8637900352478027,227,0.5682468414306641,7629.0,0.04897451400756836,
jobrange.818,5,6,471754765.3600074,1.0484676361083984,96736223.25109358,0.6689205169677734,91085,0.3746376037597656,9838909.0,0.11261105537414551,
jobrange.819,5,6,1906581.3027705003,0.5961997509002686,114247.2325617217,0.302584171295166,596,0.19265174865722656,6305.0,0.08499741554260254,
jobrange.820,5,6,40827497.330443606,2.3151097297668457,4533135.067251449,1.1449344158172607,6125,0.8040781021118164,447011.0,0.06885313987731934,
jobrange.821,5,6,1548711803.9308596,2.060180425643921,1370992155.9937198,1.4705581665039062,3989357,2.1484375,635070142.0,0.6050753593444824,
jobrange.822,5,6,1657424.2076375925,0.5328414440155029,21150.000000000007,0.24341320991516113,103,0.14917993545532227,2560.0,0.046277761459350586,
jobrange.823,5,6,777968451.4403404,1.105459213256836,198203049.4707042,0.5502305030822754,47141,0.39179015159606934,14226867.0,0.15616083145141602,
jobrange.824,5,6,852806476.4229982,1.6939561367034912,677582811.3277965,0.8948397636413574,1329181,1.1970946788787842,200049858.0,0.35350966453552246,
jobrange.825,5,6,56196.64768330134,0.6085150241851807,6327.999999999999,0.44748759269714355,209,0.6815836429595947,1385.0,0.08153009414672852,
jobrange.826,5,6,579454277.1944,3.0286879539489746,28197179.999999985,1.1942625045776367,319,0.657210111618042,59840.0,0.12800025939941406,
jobrange.827,5,6,97097583.78283197,1.8110764026641846,19914622.423099812,0.8993511199951172,571,0.570397138595581,3465.0,0.07587552070617676,
jobrange.828,5,6,1016043496.636547,9.677655458450317,2095019.9999999914,2.0088181495666504,791,1.1516525745391846,1876271.0,0.13618946075439453,
jobrange.829,5,6,152491551275.4918,3.624159574508667,130841161328.71472,1.3137133121490479,2929425,2.448629140853882,13610752362.0,108.28704786300659,
jobrange.830,5,6,167206065686.4645,2.003152370452881,89111907446.15411,1.0284693241119385,79386,0.5594232082366943,2715175754.0,26.97311806678772,
jobrange.831,5,6,400343498440.5641,8.057534456253052,399486500418.61816,1.6008517742156982,257433,1.0170338153839111,876076639.0,12.111822128295898,
jobrange.832,5,6,147975290722.46133,1.7088558673858643,42754489850.74241,0.5939521789550781,30251,0.3899660110473633,89763255.0,2.4839072227478027,
jobrange.833,5,6,1231295085771.8496,3.3854267597198486,1224087741592.9958,1.3919174671173096,2825544,0.9895205497741699,136425795775.0,119.2282018661499,
jobrange.834,5,6,843426717118.8379,4.569356679916382,843426717118.8379,1.853834867477417,7213867,1.9744973182678223,82275371696.0,74.9722671508789,
jobrange.835,5,6,377497277931.1809,3.6136269569396973,227910087959.09412,0.9663302898406982,106658,0.5711178779602051,1921012736.0,32.44451117515564,
jobrange.836,5,6,2161992903.411499,3.1240320205688477,305412947.630531,1.3573074340820312,7162,1.2196497917175293,8078237.0,0.10489058494567871,
jobrange.837,5,6,1165918764614.04,5.590225696563721,69060401280.0,1.7833917140960693,2620,0.9181785583496094,67572849.0,0.36281323432922363,
jobrange.838,5,6,99335389309.34901,2.740892171859741,72699236773.868,1.0041136741638184,1061711,1.1068205833435059,2408114953.0,27.310471773147583,
jobrange.839,5,6,2901657313233.5186,9.534762144088745,2901657313233.533,2.3152947425842285,2427503,1.472320556640625,,120.21526527404785,timeout
jobrange.840,5,6,644287090474.652,3.7611141204833984,644287090474.6552,1.5576629638671875,6353815,1.3204553127288818,56092354803.0,50.63902544975281,
jobrange.841,5,6,18798899590.32117,9.181873321533203,5181956797.946107,2.0416300296783447,59255,1.2356510162353516,25064699.0,1.0127346515655518,
jobrange.842,5,6,198050712263.3528,1.769235610961914,166154021514.61896,0.7547919750213623,1269406,0.7770156860351562,18911296444.0,94.70867466926575,
jobrange.843,5,6,564371870.0724982,3.325566530227661,1399464.0000000019,1.453632116317749,496,1.6544389724731445,33417.0,0.16796112060546875,
jobrange.844,5,6,760961294.0681477,3.851508378982544,138856552.98859295,1.3364949226379395,680,0.757474422454834,321778.0,0.09805798530578613,
jobrange.845,5,6,25704580.6889164,7.847568511962891,5789222.170228737,1.4139554500579834,2316,1.0935924053192139,8829.0,0.11730670928955078,
jobrange.846,5,6,154216051166.24686,2.3066205978393555,8235288864.0000105,1.1161432266235352,1953,0.5592026710510254,6417433.0,0.36879682540893555,
jobrange.847,5,6,1386586599116.3306,3.4410994052886963,1369724636611.696,1.4467976093292236,2103559,0.9269969463348389,103595713312.0,119.53353452682495,
jobrange.848,5,6,509304441.0051291,1.705892562866211,99121680.00000003,0.5297183990478516,4897,0.6081085205078125,1180157.0,0.12314653396606445,
jobrange.849,5,6,3790466846.77616,2.8915164470672607,574732930.5849845,1.1862518787384033,1404,0.661837100982666,3345107.0,0.08076786994934082,
jobrange.850,5,6,1456826484.6014905,3.5990471839904785,153500399.99999982,1.3371474742889404,296,0.7034928798675537,233856.0,0.08343720436096191,
jobrange.851,5,6,1148727086008.806,3.264629364013672,948296103733.078,1.5856258869171143,6022696,1.3484508991241455,25241893903.0,25.697155475616455,
jobrange.852,5,6,606203409306.9639,3.3798019886016846,1947468839.9999995,1.3834304809570312,723,0.733666181564331,207838844.0,0.9768660068511963,
jobrange.853,5,6,3221048145.8745403,9.738349676132202,433192138.0000002,2.2135143280029297,1671,1.5453176498413086,3124113.0,0.22311973571777344,
jobrange.854,5,6,1382650116903.9683,4.829775094985962,1269031531982.8318,1.6997225284576416,216699,0.9136347770690918,3497892097.0,9.430246114730835,
jobrange.855,5,6,19596675552.086758,8.19541883468628,11429770598.321793,1.5609245300292969,47673,1.1018788814544678,12684148.0,0.4445376396179199,
jobrange.856,5,6,67917455.67228967,1.1830215454101562,3201660.000000004,0.44330716133117676,393,0.5082285404205322,287388.0,0.10065913200378418,
jobrange.857,5,6,29956844.00030542,0.542618989944458,5189299.8919382775,0.2814197540283203,2063,0.33637022972106934,31745.0,0.09604120254516602,
jobrange.858,5,6,696979473.3547027,1.9561660289764404,42286464.00000001,0.6861112117767334,211,0.40437889099121094,24318.0,0.0803995132446289,
jobrange.859,5,6,90606902576.32204,1.6645584106445312,14808419.999999931,0.6865589618682861,400,0.3868110179901123,4527601.0,0.39278507232666016,
jobrange.860,5,6,2901657313233.5186,9.664286375045776,2574132839756.149,2.2420101165771484,393831,1.274993896484375,,120.08442282676697,timeout
jobrange.861,5,6,694735507224.3115,3.1921262741088867,690216119868.4845,1.4679768085479736,3197166,1.799128532409668,51260762963.0,57.82562065124512,
jobrange.862,5,6,4725092145.55833,3.0922436714172363,2260419711.3307285,1.212190866470337,133595,1.0421721935272217,119992343.0,0.40790796279907227,
jobrange.863,5,6,1386586599116.3306,3.462623357772827,1369724636611.696,1.4827566146850586,2611891,1.0278220176696777,61619359930.0,81.5311131477356,
jobrange.864,5,6,347556627578.4671,8.258381843566895,324081716638.2149,1.5925581455230713,1896830,1.1985092163085938,,120.15542316436768,timeout
jobrange.865,5,6,3329792592.679744,1.1675841808319092,888490620.0000012,0.5018582344055176,3193,0.35148048400878906,1838552.0,0.1971282958984375,
jobrange.866,5,6,525423.7249414639,1.3700230121612549,7740.000000000005,0.9011545181274414,125,0.8171844482421875,2154.0,0.13061738014221191,
jobrange.867,5,6,365709754.4030119,2.8232786655426025,830059.9999999991,1.1802573204040527,390,0.7958126068115234,65196.0,0.08156800270080566,
jobrange.868,5,6,4561154740.959962,2.677804946899414,5442527.999999981,1.3693861961364746,628,0.6045691967010498,3094560.0,0.15267252922058105,
jobrange.869,5,6,530937563.63561493,7.928769588470459,135118343.4036483,1.5883653163909912,45160,1.4247760772705078,12493413.0,0.43872976303100586,
jobrange.870,5,6,16732152245.919085,3.6490588188171387,9281842659.557016,1.0266141891479492,43992,0.9293055534362793,47441026.0,1.3674006462097168,
jobrange.871,5,6,1311547421.67739,2.9154052734375,5201999.999999991,1.2098300457000732,834,0.684640645980835,486752.0,0.050192832946777344,
jobrange.872,5,6,1516540821.9914656,7.733108997344971,582839283.4147218,1.4202992916107178,48222,1.313805341720581,27952495.0,0.7650213241577148,
jobrange.873,5,6,175440877.48876712,0.8749151229858398,71227607.36704475,0.36109471321105957,3674,0.288057804107666,51633.0,0.061496734619140625,
jobrange.874,5,6,877674025.0389276,7.692912817001343,72054720.00000009,1.296553611755371,1147,0.8078639507293701,4433916.0,0.19614505767822266,
jobrange.875,5,6,84294454.43834102,1.175403356552124,145728.00000000017,0.4268050193786621,209,0.40223050117492676,128700.0,0.09135651588439941,
jobrange.876,5,6,438105240.00000054,9.82332706451416,1388475.0000000019,2.094475746154785,487,1.1683824062347412,1388475.0,0.17448163032531738,
jobrange.877,5,6,181596451.53223988,8.384496927261353,1237467.0000000007,1.851778268814087,253,1.0146307945251465,202920.0,0.07815289497375488,
jobrange.878,5,6,60155144.22598185,7.871710538864136,8116542.000000011,1.395864725112915,1013,1.1025028228759766,90812.0,0.09341788291931152,
jobrange.879,5,6,21415019.762874287,3.0391831398010254,2900018.502643349,0.9115610122680664,64,0.4848453998565674,216.0,0.07493710517883301,
jobrange.880,5,6,823963187.1068459,8.224018335342407,56796999.34127521,1.8613159656524658,237,1.023632526397705,11222.0,0.08050990104675293,
jobrange.881,5,6,108718224527.37494,4.4101691246032715,97467690925.61205,1.4994442462921143,3489026,1.0739619731903076,5795150058.0,6.027225971221924,
jobrange.882,5,6,1588128.0000000005,2.7519524097442627,16072.000000000013,1.0008363723754883,277,0.5460729598999023,16072.0,0.06666421890258789,
jobrange.883,5,6,4016908409.0771427,1.5101385116577148,1722819149.6111882,0.4855308532714844,92630,0.35032200813293457,95696293.0,1.2184162139892578,
jobrange.884,5,6,48291737.65244671,4.2841637134552,7936764.587451889,1.8218233585357666,28686,2.6782383918762207,444538.0,0.06921839714050293,
jobrange.885,5,6,12035223.017013665,7.498686790466309,737407.9999999991,1.286531686782837,141,0.8247253894805908,2805.0,0.08449769020080566,
jobrange.886,5,6,53439752.318505846,7.959396600723267,8884905.436850505,1.237947702407837,2450,0.8010153770446777,45048.0,0.10961437225341797,
jobrange.887,5,6,181930359.12512797,2.794435977935791,62474273.02398272,1.0322768688201904,45797,0.623011589050293,1343388.0,0.11072659492492676,
jobrange.888,5,6,37388616295.37454,4.947572946548462,34387497238.55967,1.643860101699829,1035896,0.9515526294708252,798833041.0,1.335730791091919,
jobrange.889,5,6,34545502753.92451,3.5620334148406982,29120298726.798866,1.535597801208496,5204451,1.7390906810760498,6734484933.0,7.477235794067383,
jobrange.890,5,6,5200385.451030906,3.094205617904663,16992.00000000001,0.6819710731506348,60,0.4064512252807617,2604.0,0.05616950988769531,
jobrange.891,5,6,17833832.228365738,7.5665507316589355,2411278.8071009954,1.331270694732666,10743,1.0959172248840332,181862.0,0.11721515655517578,
jobrange.892,5,6,24222987.14437708,2.104400634765625,1520491.1168222232,0.8292064666748047,167,0.4151954650878906,2775.0,0.12289953231811523,
jobrange.893,5,6,154646169.03172797,3.4463679790496826,13789158.714212213,1.3149588108062744,947,0.7825636863708496,32529.0,0.06468367576599121,
jobrange.894,5,6,16209648.372637188,3.6180942058563232,3099446.2376536066,0.8968305587768555,8506,1.1660568714141846,151093.0,0.14017343521118164,
jobrange.895,5,6,309948170.0043432,3.4042975902557373,69815577.89158604,1.4086759090423584,50469,1.8568620681762695,6802960.0,0.1298990249633789,
jobrange.896,5,6,750302880.6483666,8.600684404373169,544667911.0364386,1.71535325050354,458355,2.18639874458313,4577566.0,0.16462087631225586,
jobrange.897,5,6,9780281.53009391,1.9405171871185303,167772.0000000001,0.9042859077453613,379,0.8703656196594238,25365.0,0.08674120903015137,
jobrange.898,5,6,741127252.702903,4.633085489273071,374417450.3861071,1.576357364654541,305318,1.294201135635376,30166407.0,0.19927549362182617,
jobrange.899,5,6,697786.7937452571,3.5657730102539062,41536.00000000001,1.0248701572418213,568,1.6607589721679688,1623.0,0.10256838798522949,
jobrange.900,5,6,225175794.62068555,9.580264568328857,19213675.999999978,2.2303555011749268,2310,1.8761723041534424,487836.0,0.16645574569702148,
jobrange.901,5,6,1425288959.9999998,4.895261287689209,659017.9999999993,1.60481595993042,296,0.8254857063293457,659018.0,0.09751057624816895,
jobrange.902,5,6,1213493594.001459,1.5487844944000244,256135505.41092834,0.4978065490722656,18468,0.34656524658203125,3333411.0,0.17290878295898438,
jobrange.903,5,6,26848516406.027313,3.8149805068969727,15312894743.315966,1.3584966659545898,156747,0.7343564033508301,48327994.0,0.30741071701049805,
jobrange.904,5,6,2393158.13187126,8.598455429077148,68699.99999999993,2.0513906478881836,665,2.236633539199829,9742.0,0.09739828109741211,
jobrange.905,5,6,15602487.388049683,2.5762672424316406,9380.000000000002,0.8737947940826416,121,0.4802567958831787,357.0,0.15343475341796875,
jobrange.906,5,6,12636697203.119574,1.792041540145874,8658209002.4268,0.7154405117034912,571848,1.0753109455108643,1112423669.0,7.07930326461792,
jobrange.907,5,6,1540043864.5734909,1.5696449279785156,153719258.24058002,0.6059060096740723,6951,0.3468930721282959,343962.0,0.0819244384765625,
jobrange.908,5,6,73027741.150008,2.8040034770965576,12207938.363022707,1.1678290367126465,28795,1.0816187858581543,1294393.0,0.09981107711791992,
jobrange.909,5,6,8168.377424706754,0.31401491165161133,576.92324431855,0.12364482879638672,2,0.11040735244750977,2.0,0.14833807945251465,
jobrange.910,5,6,135186360.9186995,9.974079608917236,3238260.000000001,1.9384467601776123,296,1.1219117641448975,22032.0,0.09271430969238281,
jobrange.911,5,6,16922519.99999998,8.643948554992676,4144.000000000003,1.6786048412322998,129,0.9706671237945557,4144.0,0.09774351119995117,
jobrange.912,5,6,230236556.720406,9.321109056472778,19373847.999999993,2.0159549713134766,686,1.3355932235717773,169551.0,0.09907889366149902,
jobrange.913,5,6,56930058.66124411,8.97104525566101,3278303.000000004,1.9360167980194092,430,1.122082233428955,9768.0,0.09009575843811035,
jobrange.914,5,6,102514354.8937436,2.6196203231811523,4828147.545761931,1.0089666843414307,896,0.5579817295074463,64407.0,0.10190749168395996,
jobrange.915,5,6,13943114.886235747,3.5609116554260254,13936.000000000002,0.7080965042114258,59,0.39241886138916016,1755.0,0.08222532272338867,
jobrange.916,5,6,362547145.0046744,2.8067328929901123,16570149.808575092,1.0328199863433838,1120,0.561333179473877,133746.0,0.0818789005279541,
jobrange.917,5,6,105998000.64686163,9.46224856376648,15242443.649634955,2.2345480918884277,4265,2.12358021736145,413192.0,0.16494989395141602,
jobrange.918,5,6,290751.99999999965,2.8974862098693848,1715.0,0.7669899463653564,83,0.6526131629943848,1715.0,0.10632658004760742,
jobrange.919,5,6,47223387453.85041,9.292433977127075,10497949850.962355,2.034101724624634,4944,1.2001988887786865,119365768.0,3.7456881999969482,
jobrange.920,5,6,873580158.3257468,3.5030157566070557,176552213.70372823,1.0761046409606934,30277,0.5634973049163818,996880.0,0.1134796142578125,
jobrange.921,5,6,10451467.029547159,1.2388520240783691,3124044.9891479444,0.4693789482116699,63366,0.6905248165130615,191202.0,0.09380793571472168,
jobrange.922,5,6,72438382325.06644,8.033437967300415,19784717895.86701,1.444035291671753,77667,0.9154489040374756,221364114.0,5.792139530181885,
jobrange.923,5,6,17104915.358934052,7.658360242843628,736442.9999999998,1.226012945175171,541,0.7636706829071045,63837.0,0.08225512504577637,
jobrange.924,5,6,8394124719.072736,3.104438066482544,1805006715.864462,1.2635877132415771,122979,1.1512773036956787,100246842.0,0.30527400970458984,
jobrange.925,5,6,85605631414.50769,9.490015268325806,37438547119.51554,2.164353370666504,165329,1.2524948120117188,724015244.0,10.799330472946167,
jobrange.926,5,6,17630250.77934852,2.244474172592163,1475404.6888088454,0.9782161712646484,235,0.5578579902648926,675.0,0.05097198486328125,
jobrange.927,5,6,590198.9999999984,7.542848348617554,11501.000000000005,1.1972131729125977,269,0.7516586780548096,11501.0,0.09644055366516113,
jobrange.928,5,6,6822239.999999996,3.555811882019043,62865.000000000065,1.2696011066436768,437,0.6713056564331055,62865.0,0.08610939979553223,
jobrange.929,5,6,6961931.604103425,1.6000397205352783,1139072.1899387557,0.6575651168823242,9523,1.3061301708221436,22113.0,0.1643533706665039,
jobrange.930,5,6,2902399.408910159,2.2126972675323486,719.9999999999995,0.9023730754852295,10,0.4195585250854492,42.0,0.056391239166259766,
jobrange.931,5,6,7447283.799384426,1.1232099533081055,128935.99999999985,0.29075074195861816,1020,0.18905067443847656,41144.0,0.08940386772155762,
jobrange.932,5,6,234949126.84351522,2.710761070251465,53603292.36236374,1.3340752124786377,150338,1.0827302932739258,10628728.0,0.2137162685394287,
jobrange.933,5,6,11459429.40435039,3.5815463066101074,210216.00000000003,1.278296947479248,395,0.6584556102752686,37695.0,0.05869603157043457,
jobrange.934,5,6,13277888.405625956,8.153626441955566,4021575.999999989,1.4688127040863037,29183,1.6129109859466553,175918.0,0.10736250877380371,
jobrange.935,5,6,6208686525.728559,2.2171497344970703,2599467920.468626,0.6539149284362793,91734,0.4236588478088379,39283702.0,1.099039077758789,
jobrange.936,4,5,18001598.509430103,8.049046039581299,260712.0000000001,1.3585875034332275,639,0.8539469242095947,26604.0,0.059235334396362305,
jobrange.937,4,5,58969.79199747234,1.845353364944458,2761.999999999995,0.5913500785827637,1654,0.5575723648071289,1654.0,0.09693312644958496,
jobrange.938,4,5,136410517.4293486,1.020704984664917,29006332.00000001,0.40738606452941895,132255,0.6072485446929932,5101948.0,0.20319485664367676,
jobrange.939,4,5,13662.42266946264,7.626342535018921,234.00000000000003,1.188298225402832,79,0.7627911567687988,231.0,0.05652141571044922,
jobrange.940,4,5,365620.44188752945,2.924536943435669,9237.774279551655,0.6288347244262695,503,0.3628416061401367,503.0,0.08238673210144043,
jobrange.941,4,5,166195904.1957476,1.5866477489471436,56872554.999999985,0.5046775341033936,1070167,0.46596837043762207,14284086.0,0.18190765380859375,
jobrange.942,4,5,1932.20611770657,0.7698955535888672,96.0,0.33688950538635254,37,0.775578498840332,37.0,0.12202906608581543,
jobrange.943,4,5,366623326.425293,1.3979506492614746,38450814.23359733,0.5761055946350098,23340,0.3667745590209961,384426.0,0.055207252502441406,
jobrange.944,4,5,7551.999999999997,2.9935145378112793,83.99999999999997,0.6452181339263916,30,0.3759288787841797,84.0,0.06260442733764648,
jobrange.945,4,5,21557605.863359746,2.1420741081237793,617219.9999999993,0.5405292510986328,2402,0.3355574607849121,34526.0,0.13039779663085938,
jobrange.946,4,5,12071.015741032272,2.9089040756225586,103.99999999999997,0.626671552658081,46,0.36106276512145996,46.0,0.07209992408752441,
jobrange.947,4,5,525796.6916539792,7.639287710189819,48832.00000000001,1.2209374904632568,1701,0.9866578578948975,4953.0,0.07216477394104004,
jobrange.948,4,5,160082.9825626538,7.355464220046997,13510.000000000002,1.1751203536987305,1191,0.7656795978546143,1191.0,0.09161090850830078,
jobrange.949,4,5,16561.314981009316,1.1434326171875,173.0,0.3086254596710205,4,0.2008960247039795,4.0,0.14607739448547363,
jobrange.950,4,5,1763746.1489704628,7.666327953338623,165316.3639309198,1.2298884391784668,10332,0.9073724746704102,10332.0,0.09860348701477051,
jobrange.951,4,5,176507.53385388112,1.9009220600128174,17555.99999999998,0.6369588375091553,15275,0.6684792041778564,15275.0,0.08479952812194824,
jobrange.952,4,5,2926353.1104697534,1.0350549221038818,609344.0000000007,0.35686206817626953,105051,0.3520951271057129,106211.0,0.19785332679748535,
jobrange.953,4,5,215.10428211072787,0.4848034381866455,4.999999999999999,0.11573600769042969,1,0.1043236255645752,1.0,0.11705470085144043,
jobrange.954,4,5,1354.32279041559,0.522270917892456,27.999999999999993,0.1168515682220459,1,0.09165763854980469,1.0,0.1479945182800293,
jobrange.955,4,5,629528.6012220561,8.043988704681396,78154.99999999991,1.2723469734191895,44791,1.0223443508148193,44791.0,0.0804283618927002,
jobrange.956,4,5,2059.0035994661125,0.4882688522338867,24.999999999999993,0.12852239608764648,1,0.0915071964263916,1.0,0.14344048500061035,
jobrange.957,4,5,32218.448797085704,1.1544713973999023,359.9999999999998,0.36710476875305176,5,0.24499130249023438,9.0,0.10471272468566895,
jobrange.958,4,5,54727.21069996052,7.598512411117554,1740.9999999999995,1.1689200401306152,132,0.7518315315246582,132.0,0.07536578178405762,
jobrange.959,4,5,4209508.260801487,0.8222498893737793,335244.358471391,0.2621614933013916,17440,0.20156288146972656,17622.0,0.1383814811706543,
jobrange.960,4,5,755411.5020210948,7.352693796157837,49786.03077805045,1.1757452487945557,4422,0.7576422691345215,4422.0,0.07023477554321289,
jobrange.961,4,5,1065670.064907161,2.8070101737976074,24022.354303146632,0.6456260681152344,259,0.3761105537414551,735.0,0.07064247131347656,
jobrange.962,4,5,43512299.54301752,1.6597909927368164,8714720.000000004,0.6680335998535156,1775959,0.8985209465026855,4425464.0,0.2219686508178711,
jobrange.963,4,5,561.0000000000002,0.45142412185668945,7.0,0.09863519668579102,7,0.0628504753112793,7.0,0.10719037055969238,
jobrange.964,4,5,382220.75247505476,7.599610328674316,51827.999999999905,1.3107929229736328,36283,1.1532716751098633,36283.0,0.07532954216003418,
jobrange.965,4,5,486724366.6957025,2.748354434967041,143201691.9999999,0.9793868064880371,3926618,1.1938202381134033,77786558.0,0.44549107551574707,
jobrange.966,4,5,628201.8989798034,1.5021367073059082,67950.99999999997,0.4853942394256592,38049,0.7559309005737305,38051.0,0.07332372665405273,
jobrange.967,4,5,2262815.026957597,0.8662014007568359,141069.46108781928,0.288224458694458,6465,0.18728923797607422,6525.0,0.13985085487365723,
jobrange.968,4,5,27984.316375822287,1.2458570003509521,186.99999999999997,0.4473304748535156,108,0.4566771984100342,108.0,0.08794641494750977,
jobrange.969,4,5,44823.28645389145,2.2985482215881348,164.0,0.4061412811279297,16,0.22729086875915527,42.0,0.1301116943359375,
jobrange.970,4,5,1643648.114929987,2.3842790126800537,51694.68811366901,0.6450583934783936,582,0.402559757232666,1488.0,0.05309772491455078,
jobrange.971,4,5,2271.9999999999986,1.5770530700683594,258.0,0.42411088943481445,88,0.3537712097167969,258.0,0.08133912086486816,
jobrange.972,4,5,101824.46480095058,0.5737080574035645,3416.0,0.14983081817626953,186,0.1355745792388916,188.0,0.11551880836486816,
jobrange.973,4,5,963864.0662711931,7.770185470581055,71376.00000000001,1.315387487411499,11702,1.12601637840271,34213.0,0.08163118362426758,
jobrange.974,4,5,20518.76079930995,1.2672491073608398,431.9999999999999,0.44165658950805664,130,0.5918023586273193,130.0,0.14069628715515137,
jobrange.975,4,5,1178317.1284904447,7.665872573852539,126304.00000000004,1.250793695449829,16825,0.9423379898071289,49323.0,0.07345366477966309,
jobrange.976,4,5,1475120.4886714153,7.918407440185547,214620.00000000035,1.2546865940093994,15222,0.9069759845733643,45603.0,0.07285904884338379,
jobrange.977,4,5,59131.1783227473,7.502297401428223,450.9999999999998,1.186922311782837,27,0.759002685546875,27.0,0.09402012825012207,
jobrange.978,4,5,56339.73089706713,3.3783204555511475,3853.0000000000014,0.7705836296081543,3279,0.7579026222229004,3279.0,0.09051084518432617,
jobrange.979,4,5,56089.76794029781,7.9235827922821045,1114.9999999999995,1.1848626136779785,159,0.7587878704071045,159.0,0.09841036796569824,
jobrange.980,4,5,233692.9636557759,1.3393354415893555,2787.9999999999995,0.48825788497924805,531,0.5102357864379883,1101.0,0.09608769416809082,
jobrange.981,4,5,120043.03275991656,7.659152030944824,10971.000000000004,1.1932175159454346,559,0.8286881446838379,559.0,0.08078432083129883,
jobrange.982,4,5,64880.07088458455,0.9844143390655518,833.0000000000005,0.18388867378234863,10,0.1251389980316162,10.0,0.12783527374267578,
jobrange.983,4,5,84253799.20403738,2.1065196990966797,10441730.000770684,0.6917724609375,65310,0.4054708480834961,657261.0,0.13566207885742188,
jobrange.984,4,5,502071.65302002116,2.7736387252807617,69967.99999999999,0.59708571434021,53645,0.6727333068847656,53645.0,0.15803885459899902,
jobrange.985,4,5,167787.5485513992,2.078399658203125,9867.999999999996,0.7268240451812744,2030,1.229893445968628,4707.0,0.10496211051940918,
jobrange.986,4,5,282712.67520790815,1.9994862079620361,18447.999999999993,0.39524078369140625,448,0.31854677200317383,1164.0,0.11177396774291992,
jobrange.987,4,5,191141.91626091299,1.482017993927002,18358.000000000004,0.39960408210754395,6127,0.44054746627807617,6127.0,0.10902810096740723,
jobrange.988,4,5,134875.01373665867,0.9959673881530762,165.99999999999997,0.3394503593444824,32,0.26964783668518066,62.0,0.11309647560119629,
jobrange.989,4,5,37290.51228806124,7.8136773109436035,1471.9999999999993,1.1891248226165771,65,0.7534511089324951,65.0,0.07735848426818848,
jobrange.990,4,5,166195904.1957476,1.530348539352417,15761269.62780961,0.4586951732635498,43937,0.3207859992980957,1449836.0,0.12617158889770508,
jobrange.991,4,5,23496258.040969044,0.89274001121521,2338008.621699686,0.3118267059326172,16155,0.20787286758422852,43698.0,0.11934113502502441,
jobrange.992,4,5,343343.2004657344,2.602874755859375,5872.234459403057,0.46164608001708984,390,0.30141544342041016,390.0,0.126570463180542,
jobrange.993,4,5,273171495.7053202,8.028024435043335,17144571.232548915,1.3786752223968506,43309,0.866419792175293,1185526.0,0.1304795742034912,
jobrange.994,4,5,1135.9999999999993,1.0965962409973145,35.99999999999999,0.27519750595092773,36,0.18590211868286133,36.0,0.06871223449707031,
jobrange.995,4,5,1381304.9639942204,3.0752334594726562,153719.9999999999,0.7970626354217529,34544,0.7769460678100586,95547.0,0.08417105674743652,
jobrange.996,4,5,28472.27821483198,2.4973437786102295,1817.0000000000005,0.6004273891448975,1452,0.6906490325927734,1452.0,0.1486821174621582,
jobrange.997,4,5,232059.68800868696,1.1174097061157227,5696.840842863975,0.2765383720397949,723,0.18944191932678223,723.0,0.06836104393005371,
jobrange.998,4,5,551.9999999999997,1.7094025611877441,22.0,0.36083412170410156,22,0.23590493202209473,22.0,0.13147711753845215,
jobrange.999,4,5,5099.960992985352,1.0134353637695312,48.0,0.3535318374633789,6,0.20941495895385742,12.0,0.05257821083068848,
jobrange.1000,4,5,246973.7568358316,1.2148230075836182,11451.999999999985,0.31848645210266113,4749,0.3155689239501953,4749.0,0.09686946868896484,
